linkedin_slug,linkedin_url,company_name,tier,tier_label,primary_keyword,size_bracket,description_snippet,discovery_query,page_found,first_seen_at,resolved_domain,resolve_status,matching_people_count
fqhc-340b-compliance,https://www.linkedin.com/company/fqhc-340b-compliance,FQHC 340B Compliance,1A_fqhc,FQHCs / Community Health Centers,FQHC,Nov-50,"Lien externe pour FQHC 340B Compliance. Secteur: Hôpitaux et services de santé. Taille de l'entreprise: 11-50 employés. Siège social: Lebanon, Tennessee. Type ...","site:linkedin.com/company/ ""FQHC"" ""11-50""",1,2026-04-17T07:54:27Z,https://fqhc340b.org,parking,10
compliance-watchdog,https://www.linkedin.com/company/compliance-watchdog,Compliance Watchdog,1A_fqhc,FQHCs / Community Health Centers,FQHC,Nov-50,"11-50 employees. Headquarters: Torrance, CA. Type: Privately Held. Founded ... FQHC Associates FQHC. www.compliancewatchdog.com. 26 1 Comment · Like Comment ...","site:linkedin.com/company/ ""FQHC"" ""11-50""",9,2026-04-17T07:54:36Z,,none,9
clinify-inc,https://www.linkedin.com/company/clinify-inc,Clinify Health,1A_fqhc,FQHCs / Community Health Centers,FQHC,Nov-50,"11-50 pekerja. Ibu pejabat: Chicago, IL. Jenis: Milik Persendirian ... #FQHC #CommunityHealth #HealthCenters #UDSReporting #ClinifyHealth ...","site:linkedin.com/company/ ""FQHC"" ""11-50""",18,2026-04-17T07:54:48Z,https://clinifyhealth.com,parking,8
healingcommunityhealth,https://www.linkedin.com/company/healingcommunityhealth,HEALing Community Health,1A_fqhc,FQHCs / Community Health Centers,FQHC,Nov-50,"... (FQHC) with several locations in the metro Atlanta area, we provide quality ... 11-50 employees. Headquarters: Atlanta, Georgia. Type: Nonprofit. Founded ...","site:linkedin.com/company/ ""FQHC"" ""11-50""",21,2026-04-17T07:54:52Z,https://healingcommunity.org,parking,7
sweetmedicalcenter,https://www.linkedin.com/company/sweetmedicalcenter,Sweet Medical Center,1A_fqhc,FQHCs / Community Health Centers,federally qualified health center,Nov-50,"Sweet Medical Center | 73 följare på LinkedIn. Sweet Medical Center Inc., established in 1988, is a Federally Qualified Health Center ... 11–50 anställda.","site:linkedin.com/company/ ""federally qualified health center"" ""11-50""",1,2026-04-17T07:53:03Z,https://www.onechc.org,wrong_entity,7
tennessee-primary-care-association,https://www.linkedin.com/company/tennessee-primary-care-association,Tennessee Primary Care Association,1A_fqhc,FQHCs / Community Health Centers,community health center,Nov-50,"11-50 employees. Headquarters: Nashville, TN. Type: Nonprofit. Founded: 1976 ... With nearly two decades of experience in the community health center space ...","site:linkedin.com/company/ ""community health center"" ""11-50""",8,2026-04-17T07:51:11Z,,none,7
alturacentersforhealth,https://www.linkedin.com/company/alturacentersforhealth,Altura Centers for Health,1A_fqhc,FQHCs / Community Health Centers,federally qualified health center,201-500,"... Federally Qualified Health Center (FQHC) and is a Non-Profit 501 ( ... 201-500 employés. Siège social: Tulare, California. Type: Non ...","site:linkedin.com/company/ ""federally qualified health center"" ""201-500""",4,2026-04-17T07:53:54Z,,none,6
apicha-community-health-center,https://www.linkedin.com/company/apicha-community-health-center,Apicha Community Health Center,1A_fqhc,FQHCs / Community Health Centers,community health center,51-200,"Externer Link zu Apicha Community Health Center. Branche: Arztpraxen. Größe: 51–200 Beschäftigte. Hauptsitz: New York, New York. Art: Nonprofit. Gegründet: 1989 ...","site:linkedin.com/company/ ""community health center"" ""51-200""",2,2026-04-17T07:51:44Z,,none,6
cabun-rural-health,https://www.linkedin.com/company/cabun-rural-health,Cabun Rural Health,1A_fqhc,FQHCs / Community Health Centers,FQHC,Nov-50,"11-50 employees. Headquarters: Hampton, Arkansas. Type: Nonprofit. Founded ... FQHC Fiscal Consultant, Chief Financial… Click here to view Sallye Kellam's ...","site:linkedin.com/company/ ""FQHC"" ""11-50""",16,2026-04-17T07:54:45Z,https://www.crh.org,wrong_entity,6
community-healthnet,https://www.linkedin.com/company/community-healthnet,Community HealthNet,1A_fqhc,FQHCs / Community Health Centers,federally qualified health center,51-200,소개. Community HealthNet is an FQHC. A Federally Qualified Health Center providing comprehensive Primary Care services. ... 직원 51-200명.,"site:linkedin.com/company/ ""federally qualified health center"" ""51-200""",13,2026-04-17T07:53:27Z,https://community-healthnet.com,title_mismatch,6
covenant-community-care-inc.,https://www.linkedin.com/company/covenant-community-care-inc.,Covenant Community Care,1A_fqhc,FQHCs / Community Health Centers,community health center,51-200,"... community health center offering affordable Medical, Dental and Behavioral ... 51-200 pekerja. Ibu pejabat: Detroit, MI. Jenis: Kebajikan. Ditubuhkan: 2001.","site:linkedin.com/company/ ""community health center"" ""51-200""",5,2026-04-17T07:51:47Z,https://www.covenantcommunitycare.org,ok,6
el-centro-family-health,https://www.linkedin.com/company/el-centro-family-health,El Centro Family Health,1A_fqhc,FQHCs / Community Health Centers,federally qualified health center,201-500,"... Federally Qualified Health Center based out of The City of Espanola, serving ... 직원 201-500명. 본사: New Mexico Espanola. 유형: 비영리. 위치. 기본. 538 ...","site:linkedin.com/company/ ""federally qualified health center"" ""201-500""",21,2026-04-17T07:54:15Z,https://www.translate.com,wrong_entity,6
esperanza-health-centers,https://www.linkedin.com/company/esperanza-health-centers,Esperanza Health Centers,1A_fqhc,FQHCs / Community Health Centers,federally qualified health center,201-500,"... Federally Qualified Health Center that operates four primary care clinics on ... 201–500 Beschäftigte. Hauptsitz: Chicago, Illinois. Art: Nonprofit.","site:linkedin.com/company/ ""federally qualified health center"" ""201-500""",3,2026-04-17T07:53:53Z,https://www.esperanzahealth.org,title_mismatch,6
five-rivers-health-centers,https://www.linkedin.com/company/five-rivers-health-centers,Five Rivers Health Centers,1A_fqhc,FQHCs / Community Health Centers,federally qualified health center,201-500,"201–500 anställda. Huvudkontor: Dayton, Ohio. Typ: Ideell organisation ... As a Federally Qualified Health Center, we ensure that cost is never a ...","site:linkedin.com/company/ ""federally qualified health center"" ""201-500""",5,2026-04-17T07:53:55Z,https://www.fiverivershealthcenters.org,ok,6
hfhc,https://www.linkedin.com/company/hfhc,HEART OF FLORIDA HEALTH CENTER,1A_fqhc,FQHCs / Community Health Centers,federally qualified health center,201-500,"... Federally- Qualified Health Center (FQHC) in March 2009 with the addition of ... 201-500 employees. Headquarters: OCALA, Florida. Type: Nonprofit. Founded ...","site:linkedin.com/company/ ""federally qualified health center"" ""201-500""",10,2026-04-17T07:54:02Z,https://www.adventhealth.com/locations/hospitals/heart-florida,ok,6
healthefficient,https://www.linkedin.com/company/healthefficient,HealthEfficient,1A_fqhc,FQHCs / Community Health Centers,FQHC,Nov-50,"11-50 employees. Headquarters: Albany, NY. Type: Nonprofit. Founded: 2008 ... #Hiring #CommunityHealth #FQHC #HealthIT · HealthEfficient. Senior Program Manager ...","site:linkedin.com/company/ ""FQHC"" ""11-50""",6,2026-04-17T07:54:33Z,https://healthefficient.org,ok,6
interior-community-health-center,https://www.linkedin.com/company/interior-community-health-center,INTERIOR COMMUNITY HEALTH CENTER,1A_fqhc,FQHCs / Community Health Centers,community health center,Nov-50,外部INTERIOR COMMUNITY HEALTH CENTER連結. 產業: 醫療保健. 公司規模: 11-50 名員工. 總部: FAIRBANKSAlaska. 類型: 非營利組織. 創立時間: 1995. 地點. 主要. 1606 23RD ...,"site:linkedin.com/company/ ""community health center"" ""11-50""",3,2026-04-17T07:51:04Z,https://www.interiorcommunityhealth.org,ok,6
idahocommunityhealthcenterassociation,https://www.linkedin.com/company/idahocommunityhealthcenterassociation,Idaho Community Health Center Association,1A_fqhc,FQHCs / Community Health Centers,community health center,Nov-50,"11-50 employees. Headquarters: Boise, Idaho. Type: Nonprofit. Founded: 1983. Specialties: Community Health Center, Federally Qualified Health Center (FQHC), ...","site:linkedin.com/company/ ""community health center"" ""11-50""",24,2026-04-17T07:51:31Z,https://idahocommunity.com,parking,6
island-health-care-community-health-center,https://www.linkedin.com/company/island-health-care-community-health-center,Island Health Care,1A_fqhc,FQHCs / Community Health Centers,community health center,Nov-50,A Federally Qualified Community Health Center serving the island of Martha's Vineyard. ... 11-50 employees. Headquarters: Edgartown ...,"site:linkedin.com/company/ ""community health center"" ""11-50""",19,2026-04-17T07:51:24Z,https://islandhealthcare.org,parking,6
lawndale-christian-health-center,https://www.linkedin.com/company/lawndale-christian-health-center,Lawndale Christian Health Center,1A_fqhc,FQHCs / Community Health Centers,FQHC,201-500,201-500 人. 总部: Chicago，Illinois. 类型: 非营利机构. 创立: 1984. 领域: Internal Medicine、OB / Prenatal Care、Pediatric Health和Family Practice. 地点. 主要.,"site:linkedin.com/company/ ""FQHC"" ""201-500""",5,2026-04-17T07:55:45Z,,none,6
medical-systems-inc-,https://www.linkedin.com/company/medical-systems-inc-,"Medical Systems, Inc.",1A_fqhc,FQHCs / Community Health Centers,community health center,Nov-50,"11–50 anställda. Huvudkontor: Peabody, MA. Typ: Privatägt företag. Grundat: 1983. Specialistområden: Electronic Healh Records, Community Health Center Solutions ...","site:linkedin.com/company/ ""community health center"" ""11-50""",6,2026-04-17T07:51:08Z,https://medical-systems.com,needs_review,6
nevada-primary-care-association,https://www.linkedin.com/company/nevada-primary-care-association,Nevada Primary Care Association,1A_fqhc,FQHCs / Community Health Centers,community health center,Nov-50,11-50 名員工. 總部: Carson CityNevada. 類型: 非營利組織. 創立時間: 1995. 地點. 主要 ... Community Health Center Advocate award to the well deserving Congresswoman ...,"site:linkedin.com/company/ ""community health center"" ""11-50""",10,2026-04-17T07:51:13Z,https://intermountainhealthcare.org/services/senior-primary-care-nevada,ok,6
oakstar-bank,https://www.linkedin.com/company/oakstar-bank,OakStar Bank,1A_fqhc,FQHCs / Community Health Centers,community health center,201-500,"201–500 Beschäftigte. Hauptsitz: Springfield, Missouri. Art ... OakStar Bank is honored to partner with Ozarks Community Health Center (OCHC) as ...","site:linkedin.com/company/ ""community health center"" ""201-500""",20,2026-04-17T07:52:48Z,https://www.oakstarbank.com,ok,6
onecommunityhealthsacramento,https://www.linkedin.com/company/onecommunityhealthsacramento,One Community Health Sacramento,1A_fqhc,FQHCs / Community Health Centers,community health center,201-500,"201-500 employees. Headquarters: Sacramento, CA. Type: Nonprofit. Founded: 1989 ... As a community health center serving historically underserved populations ...","site:linkedin.com/company/ ""community health center"" ""201-500""",6,2026-04-17T07:52:30Z,https://www.onecommunityhealth.org,needs_review,6
palmsmedicalgroup,https://www.linkedin.com/company/palmsmedicalgroup,PALMS MEDICAL GROUP,1A_fqhc,FQHCs / Community Health Centers,FQHC,201-500,"201-500 employees. Headquarters: High Springs, Florida. Type: Nonprofit. Founded: 1971. Specialties: Pharmacy , Non Profit, FQHC, Dental , Xray, Medical Clinic ...","site:linkedin.com/company/ ""FQHC"" ""201-500""",23,2026-04-17T07:56:07Z,https://palmsmg.org,ok,6
rxparadigm,https://www.linkedin.com/company/rxparadigm,RxParadigm,1A_fqhc,FQHCs / Community Health Centers,FQHC,Nov-50,About us ; Website: https://rxparadigm.com/. External link for RxParadigm ; Industry: Hospitals and Health Care ; Company size: 11-50 employees ; Headquarters ...,"site:linkedin.com/company/ ""FQHC"" ""11-50""",11,2026-04-17T07:54:39Z,https://rxparadigm.com,ok,6
true-health,https://www.linkedin.com/company/true-health,True Health,1A_fqhc,FQHCs / Community Health Centers,community health center,201-500,"... community health center, has been serving low-income, uninsured ... 201-500 employés. Siège social: Sanford, FL. Type: Non lucratif. Fondée en: 1977. Domaines ...","site:linkedin.com/company/ ""community health center"" ""201-500""",3,2026-04-17T07:52:27Z,http://true-health.org,parking,6
ultra-violette-skincare,https://www.linkedin.com/company/ultra-violette-skincare,Ultra Violette Skincare,1A_fqhc,FQHCs / Community Health Centers,FQHC,Nov-50,"11-50 employees. Headquarters: Cremorne, Victoria. Type: Privately Held ... Senior Software Engineer at FQHC 340B… Click here to view Ava ...","site:linkedin.com/company/ ""FQHC"" ""11-50""",17,2026-04-17T07:54:47Z,https://ultraviolette.org,parking,6
union-community-health-center,https://www.linkedin.com/company/union-community-health-center,Union Community Health Center,1A_fqhc,FQHCs / Community Health Centers,community health center,201-500,"Union Community Health Center | 932 followers on LinkedIn. Caring For ... 201-500 employees. Headquarters: Bronx, New York. Type: Nonprofit. Founded: 1909 ...","site:linkedin.com/company/ ""community health center"" ""201-500""",18,2026-04-17T07:52:45Z,https://unioncommunity.com,parking,6
211nemi,https://www.linkedin.com/company/211nemi,211 Northeast Michigan,1A_fqhc,FQHCs / Community Health Centers,FQHC,Nov-50,"11-50 employees. Headquarters: Midland. Type: Nonprofit. Specialties ... Bates, a rural OB-GYN and CEO of FQHC Thunder Bay Community Health Service, Inc.","site:linkedin.com/company/ ""FQHC"" ""11-50""",19,2026-04-17T07:54:50Z,https://2nm.com,thin_or_dead,5
advcarefqhc,https://www.linkedin.com/company/advcarefqhc,Advantage Care Health Centers,1A_fqhc,FQHCs / Community Health Centers,community health center,201-500,"201–500 anställda. Huvudkontor: Brookville, New York. Typ: Privatägt ... About Community Health Center Association of New York State. CHCANYS is the ...","site:linkedin.com/company/ ""community health center"" ""201-500""",2,2026-04-17T07:52:26Z,https://advantage-care.com,parking,5
african-culture-connection,https://www.linkedin.com/company/african-culture-connection,African Culture Connection (ACC),1A_fqhc,FQHCs / Community Health Centers,community health center,Nov-50,"11–50 anställda. Huvudkontor: Omaha, Nebraska. Typ: Ideell organisation. Grundat: 2006. Specialistområden: Africa, Culture, Performing Arts, Program Provider ...","site:linkedin.com/company/ ""community health center"" ""11-50""",9,2026-04-17T07:51:12Z,https://africancultureconnection.org,ok,5
altruis,https://www.linkedin.com/company/altruis,Altruis,1A_fqhc,FQHCs / Community Health Centers,FQHC,51-200,"51-200 employees. Headquarters: Louisville, Kentucky. Type: Privately Held. Founded: 2003. Specialties: Revenue Cycle Management Services, Billing Services, ...","site:linkedin.com/company/ ""FQHC"" ""51-200""",10,2026-04-17T07:55:12Z,https://www.altruis.fr,needs_review,5
del-norte-clinics-inc.,https://www.linkedin.com/company/del-norte-clinics-inc.,Ampla Health,1A_fqhc,FQHCs / Community Health Centers,FQHC,201-500,"... (FQHC) offering comprehensive medical, dental, mental health, and specialty ... 201-500 pekerja. Ibu pejabat: Yuba City , CA. Jenis: Kebajikan. Ditubuhkan ...","site:linkedin.com/company/ ""FQHC"" ""201-500""",8,2026-04-17T07:55:48Z,https://www.amplahealth.org,ok,5
bartz-altadonna-community-health-center,https://www.linkedin.com/company/bartz-altadonna-community-health-center,Bartz-Altadonna Community Health Center,1A_fqhc,FQHCs / Community Health Centers,community health center,51-200,"... Community Health Center is an Federally Qualified Health Center ... 51-200 employees. Headquarters: Lancaster, California. Type: Nonprofit. Founded ...","site:linkedin.com/company/ ""community health center"" ""51-200""",8,2026-04-17T07:51:51Z,,none,5
asc-communications,https://www.linkedin.com/company/asc-communications,Becker's Healthcare,1A_fqhc,FQHCs / Community Health Centers,FQHC,51-200,"51-200 dipendenti. Sede principale: Chicago, IL. Tipo: Società privata non ... Proud to represent the FQHC perspective in a room of larger health systems ...","site:linkedin.com/company/ ""FQHC"" ""51-200""",1,2026-04-17T07:55:01Z,https://www.asccommunications.com,title_mismatch,5
circle-the-city,https://www.linkedin.com/company/circle-the-city,Circle the City,1A_fqhc,FQHCs / Community Health Centers,federally qualified health center,201-500,Circle the City | 4.161 Follower:innen auf LinkedIn. Healing Homelessness. Together. | Circle the City is a Federally Qualified Health Center ... 201–500 ...,"site:linkedin.com/company/ ""federally qualified health center"" ""201-500""",5,2026-04-17T07:53:55Z,https://circle-city.org,ok,5
cbha-wa,https://www.linkedin.com/company/cbha-wa,Columbia Basin Health Association,1A_fqhc,FQHCs / Community Health Centers,community health center,201-500,"201–500 Beschäftigte. Hauptsitz: Othello, WA. Art: Nonprofit. Gegründet ... Moses Lake Community Health Center. Krankenhäuser und ...","site:linkedin.com/company/ ""community health center"" ""201-500""",29,2026-04-17T07:53:00Z,https://columbiabasin.com,parking,5
communitycarecooperative,https://www.linkedin.com/company/communitycarecooperative,Community Care Cooperative (C3),1A_fqhc,FQHCs / Community Health Centers,federally qualified health center,201-500,C3 is the only national non-profit Accountable Care Organization founded and governed by its Federally Qualified Health Center partners. ... 201-500 employees.,"site:linkedin.com/company/ ""federally qualified health center"" ""201-500""",19,2026-04-17T07:54:13Z,https://www.communitycarecooperative.org,ok,5
community-care-of-wv,https://www.linkedin.com/company/community-care-of-wv,Community Care of West Virginia,1A_fqhc,FQHCs / Community Health Centers,community health center,201-500,"... community health center locations, fifty-three (53) school-based health ... 201-500 pekerja. Ibu pejabat: Buckhannon, West Virginia. Jenis: Kebajikan.","site:linkedin.com/company/ ""community health center"" ""201-500""",12,2026-04-17T07:52:37Z,https://www.community-care.com,needs_review,5
community-health-network_2,https://www.linkedin.com/company/community-health-network_2,Community Health Network,1A_fqhc,FQHCs / Community Health Centers,community health center,Nov-50,"Currently, our membership includes 17 community health center organizations ... 11–50 Beschäftigte. Hauptsitz: Savannah, TN. Art: Nonprofit. Spezialgebiete ...","site:linkedin.com/company/ ""community health center"" ""11-50""",8,2026-04-17T07:51:11Z,https://community-health-network.org,parking,5
community-health-partnership,https://www.linkedin.com/company/community-health-partnership,Community Health Partnership,1A_fqhc,FQHCs / Community Health Centers,community health center,Nov-50,"... Community Health Center, North East Medical Services (NEMS), Planned ... 11-50 employees. Headquarters: San Jose, California. Type: Nonprofit. Founded: 1993 ...","site:linkedin.com/company/ ""community health center"" ""11-50""",4,2026-04-17T07:51:05Z,https://tenchifresh.com/gallery.html,wrong_entity,5
confermed,https://www.linkedin.com/company/confermed,ConferMED,1A_fqhc,FQHCs / Community Health Centers,FQHC,Nov-50,"11-50 employees. Headquarters: Middletown, Connecticut. Type: Nonprofit ... FQHC space. For centers looking at specialty access as part of ...","site:linkedin.com/company/ ""FQHC"" ""11-50""",15,2026-04-17T07:54:43Z,https://confermed.org,parking,5
cunningham-dalman-p.c.,https://www.linkedin.com/company/cunningham-dalman-p.c.,"Cunningham Dalman, PC",1A_fqhc,FQHCs / Community Health Centers,community health center,Nov-50,"11-50 employés. Siège social: Holland, MI. Type: Société civile/Société ... Community Health Center and its mission to provide quality care for all. We're ...","site:linkedin.com/company/ ""community health center"" ""11-50""",16,2026-04-17T07:51:21Z,https://cunninghamdalman.com,ok,5
dc-primary-care-association,https://www.linkedin.com/company/dc-primary-care-association,DC Primary Care Association,1A_fqhc,FQHCs / Community Health Centers,community health center,Nov-50,11-50 名員工. 總部: WashingtonDistrict of Columbia. 類型: 非營利組織. 創立時間 ... Community Health Center movement: https://lnkd.in/gfqCUNNB #DCPCA ...,"site:linkedin.com/company/ ""community health center"" ""11-50""",8,2026-04-17T07:51:11Z,https://dcprimarycare.com,ok,5
enterprise-medical-recruiting,https://www.linkedin.com/company/enterprise-medical-recruiting,Enterprise Medical Recruiting,1A_fqhc,FQHCs / Community Health Centers,FQHC,Nov-50,"11-50 employees. Headquarters: Dallas, Texas. Type: Self-Owned. Specialties ... FQHC facility Live Where Life Feels Balanced - Located in the heart of ...","site:linkedin.com/company/ ""FQHC"" ""11-50""",11,2026-04-17T07:54:39Z,https://www.enterprisemed.com,ok,5
esperanzahealthcenter,https://www.linkedin.com/company/esperanzahealthcenter,Esperanza Health Center,1A_fqhc,FQHCs / Community Health Centers,community health center,201-500,"... community health center with three sites serving our north Philadelphia ... 201-500 employees. Headquarters: Philadelphia, Pennsylvania. Type: Nonprofit.","site:linkedin.com/company/ ""community health center"" ""201-500""",5,2026-04-17T07:52:29Z,https://esperanzahealth.com,ok,5
eyenuk-llc,https://www.linkedin.com/company/eyenuk-llc,"Eyenuk, Inc.",1A_fqhc,FQHCs / Community Health Centers,FQHC,Nov-50,"11–50 сотрудников. Штаб-квартира: Los Angeles, CA. Тип: Частное ... FQHC for diabetic eye screening. Also see: https://lnkd.in/gQNedUrt.","site:linkedin.com/company/ ""FQHC"" ""11-50""",18,2026-04-17T07:54:48Z,https://www.eyenuk.com/us-en,needs_review,5
familyhealthcenterofmarshfieldinc,https://www.linkedin.com/company/familyhealthcenterofmarshfieldinc,Family Health Center,1A_fqhc,FQHCs / Community Health Centers,federally qualified health center,201-500,"We are proud to be a Federally Qualified Health Center (FQHC) with 10 ... 201-500 employees. Headquarters: Marshfield, Wisconsin. Type: Nonprofit. Founded ...","site:linkedin.com/company/ ""federally qualified health center"" ""201-500""",4,2026-04-17T07:53:54Z,https://familyhealthcenter.org,ok,5
fulton-county-medical-center,https://www.linkedin.com/company/fulton-county-medical-center,Fulton County Medical Center,1A_fqhc,FQHCs / Community Health Centers,community health center,201-500,"201–500 Beschäftigte. Hauptsitz: McConnellsburg, PA. Art: Nonprofit. Gegründet ... Sharon Community Health Center. Krankenhäuser und Gesundheitseinrichtungen.","site:linkedin.com/company/ ""community health center"" ""201-500""",2,2026-04-17T07:52:26Z,https://fulton-county.com,parking,5
hdm,https://www.linkedin.com/company/hdm,HDM,1A_fqhc,FQHCs / Community Health Centers,community health center,Nov-50,"직원 11-50명. 본사: NE Omaha. 유형: 비상장기업. 설립: 1996. 전문 분야: HIPAA Compliance, Claim Editing & Submission Software, EHNAC Accredited Clearinghouse 및 ...","site:linkedin.com/company/ ""community health center"" ""11-50""",19,2026-04-17T07:51:24Z,https://hdm.org,parking,5
healthsource-of-ohio,https://www.linkedin.com/company/healthsource-of-ohio,HealthSource of Ohio,1A_fqhc,FQHCs / Community Health Centers,community health center,201-500,"... Community Health Center that provides quality, patient-centered primary and preventative care. ... 201-500 dipendenti. Sede principale: Loveland, OH. Tipo: Non ...","site:linkedin.com/company/ ""community health center"" ""201-500""",1,2026-04-17T07:52:25Z,https://www.healthsourceofohio.org,ok,5
heart-city-health,https://www.linkedin.com/company/heart-city-health,Heart City Health,1A_fqhc,FQHCs / Community Health Centers,federally qualified health center,51-200,"a non-profit, Federally Qualified Health Center (FQHC) in Elkhart ... 51-200 employees. Headquarters: Elkhart, IN. Type: Nonprofit. Founded ...","site:linkedin.com/company/ ""federally qualified health center"" ""51-200""",20,2026-04-17T07:53:36Z,https://www.heartcityhealth.org,ok,5
holyoke-health-center-inc-,https://www.linkedin.com/company/holyoke-health-center-inc-,"Holyoke Health Center, Inc.",1A_fqhc,FQHCs / Community Health Centers,community health center,201-500,"... Community Health Center located in Holyoke, MA. Founded in 1970 ... 201-500 medarbejdere. Hovedkvarter: Holyoke, MA. Type: Nonprofit.","site:linkedin.com/company/ ""community health center"" ""201-500""",14,2026-04-17T07:52:40Z,https://www.holyokehealth.com,needs_review,5
illinois-primary-health-care-association,https://www.linkedin.com/company/illinois-primary-health-care-association,Illinois Primary Health Care Association,1A_fqhc,FQHCs / Community Health Centers,community health center,Nov-50,"... community health center sites across Illinois. We offer recruitment services ... 11-50 employees. Headquarters: Springfield, Illinois. Type: Nonprofit.","site:linkedin.com/company/ ""community health center"" ""11-50""",10,2026-04-17T07:51:13Z,https://illinoisprimary.com,parking,5
st.-james-healthcare-inc.,https://www.linkedin.com/company/st.-james-healthcare-inc.,Intermountain Health St. James Hospital,1A_fqhc,FQHCs / Community Health Centers,community health center,201-500,"规模: 201-500 人. 总部: Butte，Montana. 类型: 非营利机构. 领域: Cancer ... We've donated $30,000 to the Southwest Montana Community Health Center to ...","site:linkedin.com/company/ ""community health center"" ""201-500""",20,2026-04-17T07:52:48Z,https://intermountainhealthcare.org,needs_review,5
lantis-enterprises,https://www.linkedin.com/company/lantis-enterprises,"Lantis Enterprises, Inc",1A_fqhc,FQHCs / Community Health Centers,community health center,Nov-50,"11–50 Beschäftigte. Hauptsitz: Spearfish, South Dakota. Art: Privatunternehmen ... River Hills Community Health Center. Krankenhäuser und ...","site:linkedin.com/company/ ""community health center"" ""11-50""",13,2026-04-17T07:51:17Z,,none,5
legacymedicalcare,https://www.linkedin.com/company/legacymedicalcare,Legacy Medical Care,1A_fqhc,FQHCs / Community Health Centers,FQHC,51-200,"Legacy Medical Care is a Federally Qualified Health Center (FQHC) program ... 51-200 employees. Headquarters: Arlington Heights, Illinois. Type: Nonprofit.","site:linkedin.com/company/ ""FQHC"" ""51-200""",28,2026-04-17T07:55:35Z,https://www.legacymedicalcare.org,title_mismatch,5
mckinneymedical,https://www.linkedin.com/company/mckinneymedical,"McKinney Medical Center, Inc.",1A_fqhc,FQHCs / Community Health Centers,community health center,51-200,"51-200 pekerja. Ibu pejabat: Waycross, GA. Jenis: Kebajikan. Ditubuhkan: 1995 ... Sharon Community Health Center. Hospital dan Penjagaan Kesihatan. Sharon ...","site:linkedin.com/company/ ""community health center"" ""51-200""",11,2026-04-17T07:51:54Z,https://www.mckinneymedicalcenter.com,ok,5
midwest-medical-center,https://www.linkedin.com/company/midwest-medical-center,Midwest Medical Center,1A_fqhc,FQHCs / Community Health Centers,community health center,201-500,"201-500 employés. Siège social: Galena, Illinois. Type: Non lucratif. Fondée en ... Community Health Center of Southeast Kansas. Hôpitaux et services de ...","site:linkedin.com/company/ ""community health center"" ""201-500""",2,2026-04-17T07:52:26Z,https://www.midwestmedicalcenter.org,ok,5
northeast-community-clinics,https://www.linkedin.com/company/northeast-community-clinics,Northeast Community Clinic,1A_fqhc,FQHCs / Community Health Centers,FQHC,201-500,"... (FQHC) with a mission to provide comprehensive and ... FQHC provider under the Affordable Care Act ... 201-500 pekerja. Ibu pejabat: Los Angeles, CA. Jenis ...","site:linkedin.com/company/ ""FQHC"" ""201-500""",3,2026-04-17T07:55:42Z,https://zemits.com/catalog/facial/microdermabrasion-machine,title_mismatch,5
pa-association-of-community-health-centers,https://www.linkedin.com/company/pa-association-of-community-health-centers,Pennsylvania Association of Community Health Centers,1A_fqhc,FQHCs / Community Health Centers,community health center,Nov-50,"A Board of Directors composed of Community Health Center chief executive officers governs PACHC. ... 11-50 employees. Headquarters: Wormleysburg, PA. Type ...","site:linkedin.com/company/ ""community health center"" ""11-50""",1,2026-04-17T07:51:02Z,https://pennsylvaniaassociation.com,parking,5
peregrine-health,https://www.linkedin.com/company/peregrine-health,Peregrine Health,1A_fqhc,FQHCs / Community Health Centers,FQHC,51-200,"51-200 employees. Headquarters: Nashville, Tennessee. Type: Privately Held ... FQHC, Federally Qualified Health Centers, Integrated Behavioral Health ...","site:linkedin.com/company/ ""FQHC"" ""51-200""",9,2026-04-17T07:55:11Z,https://www.peregrinehealth.com,needs_review,5
practicemanagement,https://www.linkedin.com/company/practicemanagement,Practice Management,1A_fqhc,FQHCs / Community Health Centers,FQHC,Nov-50,"11-50 employees. Headquarters: Schaumburg, IL. Type: Partnership. Founded ... Who on your FQHC team is monitoring payer policy updates? If the answer is ...","site:linkedin.com/company/ ""FQHC"" ""11-50""",9,2026-04-17T07:54:36Z,https://practicemanagement.org,parking,5
projectvida,https://www.linkedin.com/company/projectvida,Project Vida,1A_fqhc,FQHCs / Community Health Centers,FQHC,201-500,"201-500 employés. Siège social: El Paso, Texas. Type: Non lucratif ... #Match2026 #PsychiatryResidency #GME #CommunityHealth #FQHC # ...","site:linkedin.com/company/ ""FQHC"" ""201-500""",25,2026-04-17T07:56:09Z,https://projectvida.org,ok,5
sunrise-community-health,https://www.linkedin.com/company/sunrise-community-health,Sunrise Community Health,1A_fqhc,FQHCs / Community Health Centers,community health center,201-500,"201-500 employees. Headquarters: Evans, Colorado. Type: Nonprofit. Founded: 1973 ... The bipartisan Community Health Center (CHC) Drug Pricing Protection Act ...","site:linkedin.com/company/ ""community health center"" ""201-500""",7,2026-04-17T07:52:31Z,https://www.sunrisecommunityhealth.org,title_mismatch,5
tandem-health-sc,https://www.linkedin.com/company/tandem-health-sc,Tandem Health,1A_fqhc,FQHCs / Community Health Centers,federally qualified health center,201-500,Tandem Health is a Federally Qualified Health Center (FQHC) and ... 201-500 人. 总部: Sumter，South Carolina. 类型: 非营利机构. 创立: 2018. 领域: Family ...,"site:linkedin.com/company/ ""federally qualified health center"" ""201-500""",9,2026-04-17T07:54:00Z,https://tandemhealth.org,parking,5
tepeyachealth,https://www.linkedin.com/company/tepeyachealth,Tepeyac Community Health Center,1A_fqhc,FQHCs / Community Health Centers,community health center,51-200,Website: https://www.tepeyachealth.org/. External link for Tepeyac Community Health Center ; Industry: Hospitals and Health Care ; Company size: 51-200 employees.,"site:linkedin.com/company/ ""community health center"" ""51-200""",4,2026-04-17T07:51:46Z,,none,5
theleonlevinefoundation,https://www.linkedin.com/company/theleonlevinefoundation,The Leon Levine Foundation,1A_fqhc,FQHCs / Community Health Centers,community health center,Nov-50,"11-50 עובדים. משרדים ראשיים: Charlotte, North Carolina. סוג: Nonprofit. הקמה ... The North Carolina Healthcare Foundation and The ...","site:linkedin.com/company/ ""community health center"" ""11-50""",10,2026-04-17T07:51:13Z,https://www.leonlevinefoundation.org,ok,5
tri-area-community-health,https://www.linkedin.com/company/tri-area-community-health,Tri-Area Community Health,1A_fqhc,FQHCs / Community Health Centers,federally qualified health center,51-200,"... Federally Qualified Health Center and a Recognized Health Quality Leader. We ... 51-200 medarbejdere. Hovedkvarter: Laurel Fork, Virginia. Type: Nonprofit.","site:linkedin.com/company/ ""federally qualified health center"" ""51-200""",27,2026-04-17T07:53:47Z,,none,5
valleyhealthpartners,https://www.linkedin.com/company/valleyhealthpartners,Valley Health Partners,1A_fqhc,FQHCs / Community Health Centers,community health center,201-500,"... Community Health Center (VHPCHC) is a nonprofit organization recognized as a ... 201-500 employees. Headquarters: Allentown, Pennsylvania. Type: Nonprofit.","site:linkedin.com/company/ ""community health center"" ""201-500""",16,2026-04-17T07:52:43Z,https://www.valleyhealthpartners.org,title_mismatch,5
vohra-post-acute-physicians,https://www.linkedin.com/company/vohra-post-acute-physicians,Vohra Wound Physicians,1A_fqhc,FQHCs / Community Health Centers,community health center,201-500,"社員 201-500名. 本社: Miramar、FL. 種類: 非上場企業. 創立: 2000. 専門分野 ... community health center care, urgent care, occupational/employee ...","site:linkedin.com/company/ ""community health center"" ""201-500""",25,2026-04-17T07:52:55Z,https://vwp.ca,title_mismatch,5
jwch-institute,https://www.linkedin.com/company/jwch-institute,"Wesley Health Centers - JWCH Institute, Inc.",1A_fqhc,FQHCs / Community Health Centers,community health center,201-500,"201-500 pracowników. Siedziba główna: Los Angeles, CA. Rodzaj: Organizacja non ... Universal Community Health Center. Praktyki medyczne. Los Angeles ...","site:linkedin.com/company/ ""community health center"" ""201-500""",25,2026-04-17T07:52:55Z,http://jwchinstitute.org,ok,5
icare-financial,https://www.linkedin.com/company/icare-financial,iCare Financial,1A_fqhc,FQHCs / Community Health Centers,community health center,Nov-50,"社員 11 - 50名. 本社: Kennesaw、Georgia. 種類: 非上場企業. 創立: 2006. 専門分野 ... Manet Community Health Center, Inc. 病院・ヘルスケア. North Quincy、MA. 類似 ...","site:linkedin.com/company/ ""community health center"" ""11-50""",20,2026-04-17T07:51:26Z,https://icarefinancial.com,title_mismatch,5
the-creative-department-corp,https://www.linkedin.com/company/the-creative-department-corp,tcd.,1A_fqhc,FQHCs / Community Health Centers,FQHC,Nov-50,"11-50 pekerja. Ibu pejabat: Long Beach, California. Jenis: Milik Persendirian ... FQHC Marketing, Health Plan Marketing, Brand Architecture. Lokasi. Utama.","site:linkedin.com/company/ ""FQHC"" ""11-50""",22,2026-04-17T07:54:54Z,https://www.tcd.com,title_mismatch,5
2b-technologies-inc.,https://www.linkedin.com/company/2b-technologies-inc.,2B Technologies,1A_fqhc,FQHCs / Community Health Centers,community health center,Nov-50,11-50 名員工. 總部: BoulderColorado. 類型: 私人所有. 創立時間: 2000. 專長 ... Community Health Center. Denver Mayor Mike Johnston was among ...,"site:linkedin.com/company/ ""community health center"" ""11-50""",6,2026-04-17T07:51:08Z,https://2b-technologies.com,bad_content,4
aaa-comprehensive-health-care,https://www.linkedin.com/company/aaa-comprehensive-health-care,AAA Comprehensive Health Care,1A_fqhc,FQHCs / Community Health Centers,federally qualified health center,Nov-50,"11-50 employees. Headquarters: North Hollywood, CA. Type: Self-Employed ... A Federally Qualified Health Center. Click here to view Patricia Ayala's profile ...","site:linkedin.com/company/ ""federally qualified health center"" ""11-50""",8,2026-04-17T07:53:11Z,,none,4
affinity-health-center,https://www.linkedin.com/company/affinity-health-center,AFFINITY HEALTH CENTER,1A_fqhc,FQHCs / Community Health Centers,FQHC,51-200,"51-200 employees. Headquarters: Rock Hill, South Carolina. Type: Nonprofit. Founded: 1994. Specialties: Primary Care, HIV Specialty Care, Hepatitis C Treatment ...","site:linkedin.com/company/ ""FQHC"" ""51-200""",7,2026-04-17T07:55:08Z,https://affinityhealthcenter.org,ok_loc_only,4
agapenetwork,https://www.linkedin.com/company/agapenetwork,Agape Network,1A_fqhc,FQHCs / Community Health Centers,community health center,201-500,"... community health center and treatment facility that is nationally accredited ... 201-500 medarbejdere. Hovedkvarter: Miami, Florida. Type: Nonprofit.","site:linkedin.com/company/ ""community health center"" ""201-500""",11,2026-04-17T07:52:36Z,http://agapenetwork.org/index.php,parking,4
axesspointe-community-health-centers,https://www.linkedin.com/company/axesspointe-community-health-centers,AxessPointe Community Health Centers,1A_fqhc,FQHCs / Community Health Centers,FQHC,51-200,"... (FQHC) serving residents of Summit and Portage Counties in Akron, Barberton ... 51-200 employees. Headquarters: Akron, OH. Type: Nonprofit. Founded: 1995.","site:linkedin.com/company/ ""FQHC"" ""51-200""",19,2026-04-17T07:55:24Z,,none,4
azahealthfl,https://www.linkedin.com/company/azahealthfl,Aza Health,1A_fqhc,FQHCs / Community Health Centers,federally qualified health center,201-500,"... federally qualified health center (FQHC), Aza Health operates in areas ... 201-500 employees. Headquarters: Palatka, Florida. Type: Nonprofit. Founded: 1977.","site:linkedin.com/company/ ""federally qualified health center"" ""201-500""",19,2026-04-17T07:54:13Z,https://azahealth.org,wrong_entity,4
berks-community-health-center,https://www.linkedin.com/company/berks-community-health-center,BERKS COMMUNITY HEALTH CENTER,1A_fqhc,FQHCs / Community Health Centers,community health center,51-200,"BERKS COMMUNITY HEALTH CENTER | 724 Follower:innen auf LinkedIn. We ... 51–200 Beschäftigte. Hauptsitz: READING, Pennsylvania. Art: Nonprofit. Gegründet ...","site:linkedin.com/company/ ""community health center"" ""51-200""",9,2026-04-17T07:51:52Z,https://berkscommunity.com,parking,4
baton-rouge-primary-care-collaborative-inc,https://www.linkedin.com/company/baton-rouge-primary-care-collaborative-inc,"Baton Rouge Primary Care Collaborative, Inc",1A_fqhc,FQHCs / Community Health Centers,federally qualified health center,Nov-50,... federally qualified health center providing comprehensive healthcare services ... 직원 11-50명. 본사: Louisiana Baton Rouge. 유형: 비영리. 위치. 기본. 7050 Plank ...,"site:linkedin.com/company/ ""federally qualified health center"" ""11-50""",4,2026-04-17T07:53:06Z,http://www.baton-rouge.com,ok,4
bee-busy-wellness-center,https://www.linkedin.com/company/bee-busy-wellness-center,Bee Busy Wellness Center,1A_fqhc,FQHCs / Community Health Centers,federally qualified health center,Nov-50,"... federally qualified health center offering the highest quality of health ... 11-50 employees. Headquarters: Houston, Texas. Type: Nonprofit. Founded: 2009 ...","site:linkedin.com/company/ ""federally qualified health center"" ""11-50""",2,2026-04-17T07:53:04Z,https://beebusy.org,ok,4
bi-state-primary-care-association,https://www.linkedin.com/company/bi-state-primary-care-association,Bi-State Primary Care Association,1A_fqhc,FQHCs / Community Health Centers,federally qualified health center,Nov-50,"11-50 employees. Headquarters: Bow, NH. Type: Nonprofit. Founded: 1986. Specialties ... , a Federally Qualified Health Center serving New Hampshire's rural ...","site:linkedin.com/company/ ""federally qualified health center"" ""11-50""",5,2026-04-17T07:53:07Z,,none,4
blue-ridge-medical-center,https://www.linkedin.com/company/blue-ridge-medical-center,Blue Ridge Medical Center,1A_fqhc,FQHCs / Community Health Centers,community health center,51-200,"51–200 Beschäftigte. Hauptsitz: Arrington, VA. Art: Nonprofit. Gegründet: 1985 ... GREATER PRINCE WILLIAM AREA COMMUNITY HEALTH CENTER INC. Krankenhäuser und ...","site:linkedin.com/company/ ""community health center"" ""51-200""",9,2026-04-17T07:51:52Z,https://blueridgemedicalcenter.com,parking,4
boulder-medical-center,https://www.linkedin.com/company/boulder-medical-center,Boulder Medical Center,1A_fqhc,FQHCs / Community Health Centers,community health center,201-500,201-500 名員工. 總部: BoulderCO. 類型: 私人所有. 創立時間: 1949. 專長: Allergy ... STRIDE Community Health Center. 醫療保健. DenverColorado. Colorado Hospital ...,"site:linkedin.com/company/ ""community health center"" ""201-500""",11,2026-04-17T07:52:36Z,http://bouldermedicalcenter.org,thin_or_dead,4
bchnhealth,https://www.linkedin.com/company/bchnhealth,Bronx Community Health Network (BCHN),1A_fqhc,FQHCs / Community Health Centers,community health center,Nov-50,"11-50 employees. Headquarters: Bronx, New York. Type: Nonprofit. Founded: 1996 ... Callen-Lorde Community Health Center. Hospitals and Health Care. New York ...","site:linkedin.com/company/ ""community health center"" ""11-50""",4,2026-04-17T07:51:05Z,https://www.bronxcommunity.org,ok_loc_only,4
bud-distributing,https://www.linkedin.com/company/bud-distributing,Bud Distributing,1A_fqhc,FQHCs / Community Health Centers,community health center,Nov-50,11-50 人. 总部: Dowagiac，Michigan. 类型: 私人持股. 创立: 1947. 地点. 主要. 52322 M ... Families Together of Orange County Community Health Center. 医院和医疗 ...,"site:linkedin.com/company/ ""community health center"" ""11-50""",5,2026-04-17T07:51:07Z,https://buddistributing.com,ok,4
casse-la,https://www.linkedin.com/company/casse-la,CASSE Community Health Institute,1A_fqhc,FQHCs / Community Health Centers,FQHC,51-200,"... FQHC with a Patient Medical Home philosophy ... 51–200 Beschäftigte. Hauptsitz: Shreveport, Louisiana. Art: Nonprofit. Spezialgebiete ...","site:linkedin.com/company/ ""FQHC"" ""51-200""",7,2026-04-17T07:55:08Z,,none,4
cabin-creek-health-systems,https://www.linkedin.com/company/cabin-creek-health-systems,Cabin Creek Health Systems,1A_fqhc,FQHCs / Community Health Centers,federally qualified health center,201-500,"... federally qualified health center with 5 primary care centers in Kanawha ... 201-500 employees. Headquarters: Dawes, WV. Type: Public Company. Locations.","site:linkedin.com/company/ ""federally qualified health center"" ""201-500""",17,2026-04-17T07:54:10Z,https://cabincreekhealth.com,ok,4
california-health-care-foundation,https://www.linkedin.com/company/california-health-care-foundation,California Health Care Foundation,1A_fqhc,FQHCs / Community Health Centers,community health center,51-200,"社員 51 - 200名. 本社: Oakland、CA. 種類: 非営利団体. 創立: 1996. 場所 ... Brandon Thornock, FACHE, CEO of Shasta Community Health Center ...","site:linkedin.com/company/ ""community health center"" ""51-200""",24,2026-04-17T07:52:11Z,https://californiahealthcare.org,parking,4
capstone-rural-health-ctr,https://www.linkedin.com/company/capstone-rural-health-ctr,Capstone Health,1A_fqhc,FQHCs / Community Health Centers,FQHC,51-200,"Capstone Health | 196 Follower:innen auf LinkedIn. Your Health. Our Mission | At Capstone Health (FQHC) ... 51–200 Beschäftigte. Hauptsitz: Parrish, Alabama.","site:linkedin.com/company/ ""FQHC"" ""51-200""",25,2026-04-17T07:55:31Z,https://www.capstone-health.com,needs_review,4
capstone-healthcare,https://www.linkedin.com/company/capstone-healthcare,Capstone Healthcare,1A_fqhc,FQHCs / Community Health Centers,FQHC,201-500,"201-500 employees. Headquarters: McKinney, Texas. Type: Privately Held. Founded ... Optima FQHC Solutions. Hospitals and Health Care. Lakewood, New Jersey. PMC.","site:linkedin.com/company/ ""FQHC"" ""201-500""",22,2026-04-17T07:56:05Z,https://www.hugedomains.com/domain_profile.cfm?d=capstonehealthcare.com,parking,4
care-alliance-health-center,https://www.linkedin.com/company/care-alliance-health-center,Care Alliance Health Center,1A_fqhc,FQHCs / Community Health Centers,federally qualified health center,51-200,"Care Alliance Health Center, a trusted Federally Qualified Health Center (FQHC) serving Cleveland for over four decades, offers comprehensive medical, ...","site:linkedin.com/company/ ""federally qualified health center"" ""51-200""",7,2026-04-17T07:53:20Z,https://www.care-alliance.org,ok,4
castle-family-health-centers,https://www.linkedin.com/company/castle-family-health-centers,Castle Family Health Centers,1A_fqhc,FQHCs / Community Health Centers,community health center,51-200,"Castle Family Health Centers, Inc is a multi-site, non-profit community health center ... 51–200 anställda. Huvudkontor: Atwater, CA. Typ: Ideell organisation.","site:linkedin.com/company/ ""community health center"" ""51-200""",6,2026-04-17T07:51:48Z,https://www.hugedomains.com/domain_profile.cfm?d=castlefamilyhealth.com,parking,4
center-for-pan-asian-community-services,https://www.linkedin.com/company/center-for-pan-asian-community-services,Center for Pan Asian Community Services,1A_fqhc,FQHCs / Community Health Centers,FQHC,51-200,"51–200 Beschäftigte. Hauptsitz: Atlanta, GA. Art: Nonprofit. Spezialgebiete ... Ähnliche Seiten. Cosmo Health Center, FQHC. Arztpraxen. Norcross, Georgia ...","site:linkedin.com/company/ ""FQHC"" ""51-200""",21,2026-04-17T07:55:26Z,http://centerfor.org,ok_loc_only,4
central-city-community-health-center,https://www.linkedin.com/company/central-city-community-health-center,Central City Community Health Center,1A_fqhc,FQHCs / Community Health Centers,community health center,201-500,"... Community Health Center (CCCHC) Inc., is a 501 (c) (3) non ... 201-500 名員工. 總部: Monterey ParkCalifornia. 類型: 非營利組織. 創立時間: 1994 ...","site:linkedin.com/company/ ""community health center"" ""201-500""",9,2026-04-17T07:52:33Z,https://central-city.com,parking,4
charter-oak-health-center-inc,https://www.linkedin.com/company/charter-oak-health-center-inc,"Charter Oak Health Center, Inc.",1A_fqhc,FQHCs / Community Health Centers,community health center,201-500,"External link for Charter Oak Health Center, Inc. Industry: Hospitals and Health Care. Company size: 201-500 employees ... Community Health Center ...","site:linkedin.com/company/ ""community health center"" ""201-500""",8,2026-04-17T07:52:32Z,https://charteroak.org,ok,4
chicago-family-health-center,https://www.linkedin.com/company/chicago-family-health-center,Chicago Family Health Center,1A_fqhc,FQHCs / Community Health Centers,community health center,201-500,"201–500 Beschäftigte. Hauptsitz: Chicago, IL. Art: Nonprofit. Gegründet: 1977 ... Christian Community Health Center. Krankenhäuser und ...","site:linkedin.com/company/ ""community health center"" ""201-500""",4,2026-04-17T07:52:28Z,https://chicagofamilyhealth.org,ok,4
clickview,https://www.linkedin.com/company/clickview,ClickView,1A_fqhc,FQHCs / Community Health Centers,FQHC,51-200,"社員 51 - 200名. 本社: Pyrmont、NSW. 種類: 非上場企業. 創立: 2003. 専門分野 ... ie/w/fqhC Each topic includes videos, interactives, and worksheets. Ideal ...","site:linkedin.com/company/ ""FQHC"" ""51-200""",29,2026-04-17T07:55:37Z,https://clickview.org,parking,4
community-care-network-of-kansas,https://www.linkedin.com/company/community-care-network-of-kansas,Community Care Network of Kansas,1A_fqhc,FQHCs / Community Health Centers,community health center,Nov-50,"직원 11-50명. 본사 ... Creitz, J.D., Senior Vice President and Chief Compliance Officer at Community Health Center of Southeast Kansas.","site:linkedin.com/company/ ""community health center"" ""11-50""",10,2026-04-17T07:51:13Z,http://community-care-network.net,wrong_entity,4
community-health-care-systems-inc-,https://www.linkedin.com/company/community-health-care-systems-inc-,"Community Health Care Systems, Inc.",1A_fqhc,FQHCs / Community Health Centers,community health center,51-200,"51-200 employés. Siège social: Tennille, GA. Type: Non lucratif. Fondée en: 1993 ... Hardeman County Community Health Center. Cabinets médicaux. Bolivar, TN ...","site:linkedin.com/company/ ""community health center"" ""51-200""",4,2026-04-17T07:51:46Z,https://communityhealthcaresystems.org,ok,4
community-health-center-of-buffalo,https://www.linkedin.com/company/community-health-center-of-buffalo,"Community Health Center of Buffalo, Inc.",1A_fqhc,FQHCs / Community Health Centers,community health center,51-200,"Community Health Center of Buffalo, Inc. | 1434 followers on ... 51-200 employees. Headquarters: Buffalo, New York. Type: Nonprofit.","site:linkedin.com/company/ ""community health center"" ""51-200""",2,2026-04-17T07:51:44Z,https://communityhealthcenter.org,title_mismatch,4
community-health-clinic-westmoreland,https://www.linkedin.com/company/community-health-clinic-westmoreland,"Community Health Clinic, Inc.",1A_fqhc,FQHCs / Community Health Centers,community health center,Nov-50,"11-50 employees. Headquarters: New Kensington, Pennsylvania. Type: Nonprofit ... Metro Community Health Center. Medical Practices. Pittsburgh, Pennsylvania ...","site:linkedin.com/company/ ""community health center"" ""11-50""",1,2026-04-17T07:51:02Z,https://communityhealthclinic.org,title_mismatch,4
community-mental-health-affiliates-inc-,https://www.linkedin.com/company/community-mental-health-affiliates-inc-,"Community Mental Health Affiliates, Inc. (CMHA)",1A_fqhc,FQHCs / Community Health Centers,community health center,201-500,"201-500 employés. Siège social: New Britain, CT. Type: Société civile/Société ... Community Health Center. Hôpitaux et services de santé. Middletown, CT · The ...","site:linkedin.com/company/ ""community health center"" ""201-500""",5,2026-04-17T07:52:29Z,https://communitymentalhealth.org,parking,4
compliatric,https://www.linkedin.com/company/compliatric,Compliatric,1A_fqhc,FQHCs / Community Health Centers,community health center,201-500,"201-500 pekerja. Ibu pejabat: Salt Lake City, Utah. Jenis: Milik Persendirian ... community health center, rural hospital, safety net provider, nonprofit ...","site:linkedin.com/company/ ""community health center"" ""201-500""",29,2026-04-17T07:53:00Z,https://compliatric.org,parking,4
wirt-county-health-services-association-inc,https://www.linkedin.com/company/wirt-county-health-services-association-inc,Coplin Health Systems,1A_fqhc,FQHCs / Community Health Centers,FQHC,51-200,"... (FQHC). As an FQHC, Coplin Health Systems offers a variety of healthcare ... 51-200 employees. Headquarters: Elizabeth, WV. Type: Nonprofit. Founded: 1978.","site:linkedin.com/company/ ""FQHC"" ""51-200""",11,2026-04-17T07:55:13Z,https://coplinhealth.com,ok,4
diversity-health-center-inc,https://www.linkedin.com/company/diversity-health-center-inc,"Diversity Health Center, Inc.",1A_fqhc,FQHCs / Community Health Centers,community health center,Nov-50,"11–50 сотрудников. Штаб-квартира: Hinesville, Georgia. Тип: Некоммерческая ... Sharon Community Health Center. Больницы и медицинское обслуживание. Sharon ...","site:linkedin.com/company/ ""community health center"" ""11-50""",6,2026-04-17T07:51:08Z,https://www.diversityhealthcenter.com,title_mismatch,4
east-valley-community-health-center,https://www.linkedin.com/company/east-valley-community-health-center,East Valley Community Health Center,1A_fqhc,FQHCs / Community Health Centers,community health center,201-500,"East Valley Community Health Center | 1837 followers on LinkedIn. East Valley ... 201-500 employees. Headquarters: West Covina, California. Type: Nonprofit.","site:linkedin.com/company/ ""community health center"" ""201-500""",5,2026-04-17T07:52:29Z,https://www.eastvalleywater.gov,needs_review,4
first-choice-community-health-centers-inc,https://www.linkedin.com/company/first-choice-community-health-centers-inc,FIRST CHOICE COMMUNITY HEALTH CENTERS INC,1A_fqhc,FQHCs / Community Health Centers,community health center,51-200,... community health center and certified as a Federally Qualified Health Center (FQHC). FCCHC is dedicated to providing primary health care and dental services ...,"site:linkedin.com/company/ ""community health center"" ""51-200""",6,2026-04-17T07:51:48Z,https://www.firstchoicecommunity.com,ok,4
friend-family-health-center,https://www.linkedin.com/company/friend-family-health-center,FRIEND HEALTH,1A_fqhc,FQHCs / Community Health Centers,community health center,51-200,51-200 名員工. 總部: ChicagoIllinois. 類型: 非營利組織. 創立時間: 1997. 專長 ... Christian Community Health Center. 醫療保健. ChicagoIllinois. Rush University ...,"site:linkedin.com/company/ ""community health center"" ""51-200""",7,2026-04-17T07:51:50Z,https://friendfhc.org,ok,4
fairhavencommunityhealthcare,https://www.linkedin.com/company/fairhavencommunityhealthcare,Fair Haven Community Health Care,1A_fqhc,FQHCs / Community Health Centers,community health center,201-500,,"site:linkedin.com/company/ ""community health center"" ""201-500""",10,2026-04-17T07:52:34Z,https://www.fairhavencommunity.org,ok,4
family-first-health,https://www.linkedin.com/company/family-first-health,Family First Health,1A_fqhc,FQHCs / Community Health Centers,FQHC,201-500,Family First Health is a federally qualified health center (FQHC) that is accessible and community-minded. We take a beyond healthy approach that goes ...,"site:linkedin.com/company/ ""FQHC"" ""201-500""",1,2026-04-17T07:55:40Z,https://www.familyfirsthealth.org,ok,4
family-health-care-centers-of-greater-los-angeles,https://www.linkedin.com/company/family-health-care-centers-of-greater-los-angeles,Family Health Care Centers of Greater Los Angeles,1A_fqhc,FQHCs / Community Health Centers,community health center,51-200,직원 51-200명. 본사: CA Bell Gardens. 유형: 비영리. 위치. 기본. 6501 Garfield Ave. US CA Bell Gardens 90201. 길 보기. Family Health Care Centers of Greater Los ...,"site:linkedin.com/company/ ""community health center"" ""51-200""",12,2026-04-17T07:51:55Z,https://www.hugedomains.com/domain_profile.cfm?d=family-health-care.com,parking,4
familycare-health-centerswv,https://www.linkedin.com/company/familycare-health-centerswv,FamilyCare Health Centers (WV),1A_fqhc,FQHCs / Community Health Centers,federally qualified health center,201-500,"... federally qualified health center whose mission is to provide health care ... 201-500 employees. Headquarters: Scott Depot, West Virginia. Type: Nonprofit.","site:linkedin.com/company/ ""federally qualified health center"" ""201-500""",15,2026-04-17T07:54:08Z,https://familycarehealthcenters.org,title_mismatch,4
garfield-health-center,https://www.linkedin.com/company/garfield-health-center,GARFIELD HEALTH CENTER,1A_fqhc,FQHCs / Community Health Centers,community health center,51-200,"51–200 ansatte. Hovedkontor: MONTEREY PARK, California. Type: Ideell organisasjon. Spesialiteter: Family Practice, Pediatrics, Gynecology, Dentistry, ...","site:linkedin.com/company/ ""community health center"" ""51-200""",30,2026-04-17T07:52:23Z,https://www.garfieldhealthcenter.org,title_mismatch,4
healthy-community-health-centers,https://www.linkedin.com/company/healthy-community-health-centers,HCHC,1A_fqhc,FQHCs / Community Health Centers,federally qualified health center,51-200,"51-200 employees. Headquarters: Harisonburg, VA. Type: Nonprofit. Founded: 2007 ... federally qualified health center, is seeking a strategic CFO to partner ...","site:linkedin.com/company/ ""federally qualified health center"" ""51-200""",19,2026-04-17T07:53:35Z,https://www.greatriverhealth.org/locations/henry-county-health-center,title_mismatch,4
hamilton-community-health-network,https://www.linkedin.com/company/hamilton-community-health-network,Hamilton Community Health Network,1A_fqhc,FQHCs / Community Health Centers,federally qualified health center,201-500,"Hamilton Community Health Network is a federally qualified health center ... 201-500 employees. Headquarters: Flint, MICHIGAN. Type: Nonprofit. Founded: 1982.","site:linkedin.com/company/ ""federally qualified health center"" ""201-500""",21,2026-04-17T07:54:15Z,https://hamiltoncommunity.com,parking,4
hamilton-madison-house,https://www.linkedin.com/company/hamilton-madison-house,Hamilton-Madison House,1A_fqhc,FQHCs / Community Health Centers,community health center,201-500,201-500 人. 类型: 非营利机构. 创立: 1898. 地点. 主要. 获取路线. US，New York ... Wang Community Health Center. Each organization brings ...,"site:linkedin.com/company/ ""community health center"" ""201-500""",26,2026-04-17T07:52:56Z,,none,4
hardeman-county-community-hlth,https://www.linkedin.com/company/hardeman-county-community-hlth,Hardeman County Community Health Center,1A_fqhc,FQHCs / Community Health Centers,community health center,51-200,"... Community Health Center (HCCHC) is a Non-Profit Federal Qualified Health ... 51–200 anställda. Huvudkontor: Bolivar, TN. Typ: Ideell organisation. Grundat ...","site:linkedin.com/company/ ""community health center"" ""51-200""",27,2026-04-17T07:52:16Z,https://hardemancounty.org,ok,4
health-partnership-clinic-kc,https://www.linkedin.com/company/health-partnership-clinic-kc,Health Partnership Clinic,1A_fqhc,FQHCs / Community Health Centers,federally qualified health center,51-200,"社員 51 - 200名. 本社: Olathe、KS. 種類: 非営利団体. 創立: 1992. 専門分野 ... federally qualified health center like HPC, where quality care is ...","site:linkedin.com/company/ ""federally qualified health center"" ""51-200""",27,2026-04-17T07:53:47Z,https://healthpartnership.org,parking,4
health-services-inc.,https://www.linkedin.com/company/health-services-inc.,"Health Services, Inc.",1A_fqhc,FQHCs / Community Health Centers,federally qualified health center,201-500,"Health Services, Inc. | LinkedIn'de 278 takipçi Federally Qualified Health Center. ... 201 - 500 çalışan. Türü: Kâr Amacı Gütmeyen Kuruluş. Konum. Birincil. Yol ...","site:linkedin.com/company/ ""federally qualified health center"" ""201-500""",11,2026-04-17T07:54:03Z,https://health-services.com,title_mismatch,4
bvcaa-healthpoint-tx,https://www.linkedin.com/company/bvcaa-healthpoint-tx,HealthPoint,1A_fqhc,FQHCs / Community Health Centers,community health center,201-500,"201-500 employees. Headquarters: College Station, TX. Type: Nonprofit. Founded ... Look at this powerhouse group of Texas Community Health Center CEOs in ...","site:linkedin.com/company/ ""community health center"" ""201-500""",8,2026-04-17T07:52:32Z,https://www.healthpoint.org,needs_review,4
healthworks-for-northern-virginia,https://www.linkedin.com/company/healthworks-for-northern-virginia,HealthWorks for Northern Virginia,1A_fqhc,FQHCs / Community Health Centers,FQHC,51-200,"51-200 employees. Headquarters: Leesburg, VA. Type: Nonprofit ... (FQHC) serving the medically underserved and uninsured populations of Northern Virginia.","site:linkedin.com/company/ ""FQHC"" ""51-200""",8,2026-04-17T07:55:10Z,,none,4
healthcareforthehomelesshouston,https://www.linkedin.com/company/healthcareforthehomelesshouston,Healthcare for the Homeless - Houston,1A_fqhc,FQHCs / Community Health Centers,FQHC,51-200,"... (FQHC) that exclusively serves homeless patients. To that end, our services are unduplicated and fill an essential gap in our community's ...","site:linkedin.com/company/ ""FQHC"" ""51-200""",20,2026-04-17T07:55:25Z,https://onsitedental.com,wrong_entity,4
horizon-health-care-inc,https://www.linkedin.com/company/horizon-health-care-inc,Horizon Health,1A_fqhc,FQHCs / Community Health Centers,federally qualified health center,201-500,"... Federally Qualified Health Center (FQHC) that serves the medical, dental and ... 201-500 employees. Headquarters: Howard, SD. Type: Nonprofit. Founded: 1978.","site:linkedin.com/company/ ""federally qualified health center"" ""201-500""",17,2026-04-17T07:54:10Z,https://horizon-health.org,needs_review,4
indiana-health-centers,https://www.linkedin.com/company/indiana-health-centers,"Indiana Health Centers, Inc.",1A_fqhc,FQHCs / Community Health Centers,community health center,201-500,"201-500 employees. Headquarters: Indianapolis, IN. Type: Nonprofit. Founded: 1977 ... HealthLinc Community Health Center. Hospitals and Health Care. Valparaiso ...","site:linkedin.com/company/ ""community health center"" ""201-500""",11,2026-04-17T07:52:36Z,https://electramet.com,title_mismatch,4
the-jane-pauley-community-health-center-inc-,https://www.linkedin.com/company/the-jane-pauley-community-health-center-inc-,Jane Pauley Community Health Center,1A_fqhc,FQHCs / Community Health Centers,community health center,201-500,"... Community Health Center (JPCHC) is more than just a job. It's a ... 201-500 employees. Headquarters: Indianapolis, IN. Type: Nonprofit.","site:linkedin.com/company/ ""community health center"" ""201-500""",1,2026-04-17T07:52:25Z,https://janepauley.com,parking,4
jerichoroadchc,https://www.linkedin.com/company/jerichoroadchc,Jericho Road Community Health Center,1A_fqhc,FQHCs / Community Health Centers,community health center,201-500,"201-500 employees. Headquarters: Buffalo, NY. Type: Nonprofit. Founded: 1997 ... Community Health Center. We are actively seeking a Chief Operating ...","site:linkedin.com/company/ ""community health center"" ""201-500""",4,2026-04-17T07:52:28Z,http://jericho-road.org,thin_or_dead,4
jericho-road-family-practice,https://www.linkedin.com/company/jericho-road-family-practice,Jericho Road Family Practice,1A_fqhc,FQHCs / Community Health Centers,community health center,Nov-50,"11 - 50 çalışan. Genel Merkez: Buffalo, New York. Konum. 184 Barton St. Buffalo ... Jericho Road Community Health Center. Hastaneler ve Sağlık. Buffalo, NY.","site:linkedin.com/company/ ""community health center"" ""11-50""",27,2026-04-17T07:51:36Z,http://jericho-road.org,thin_or_dead,4
jessie-trice-community-health-center-inc.,https://www.linkedin.com/company/jessie-trice-community-health-center-inc.,"Jessie Trice Community Health System, Inc.",1A_fqhc,FQHCs / Community Health Centers,community health center,201-500,"... Community Health Center, Inc. is a Florida 501 (c) 3, not ... 201-500 pekerja. Ibu pejabat: Miami, Florida. Jenis: Kebajikan. Ditubuhkan: 1967.","site:linkedin.com/company/ ""community health center"" ""201-500""",2,2026-04-17T07:52:26Z,,none,4
juniper-health-inc,https://www.linkedin.com/company/juniper-health-inc,"Juniper Health, Inc.",1A_fqhc,FQHCs / Community Health Centers,federally qualified health center,51-200,"... Federally Qualified Health Center with locations in Breathitt, Elliott, Lee ... 51–200 Beschäftigte. Hauptsitz: Beattyville, Kentucky. Art: Nonprofit.","site:linkedin.com/company/ ""federally qualified health center"" ""51-200""",9,2026-04-17T07:53:23Z,https://juniperhealth.org,needs_review,4
kaniksu-community-health,https://www.linkedin.com/company/kaniksu-community-health,Kaniksu Community Health,1A_fqhc,FQHCs / Community Health Centers,community health center,51-200,"... Community Health Center whose mission is to provide high quality ... 51-200 employees. Headquarters: Ponderay, Idaho. Type: Nonprofit.","site:linkedin.com/company/ ""community health center"" ""51-200""",2,2026-04-17T07:51:44Z,https://www.kch.org,title_mismatch,4
kedren-community-health-center-inc.,https://www.linkedin.com/company/kedren-community-health-center-inc.,"Kedren Community Health Center, Inc.",1A_fqhc,FQHCs / Community Health Centers,community health center,201-500,"外部Kedren Community Health Center, Inc.連結. 產業: 醫療保健. 公司規模: 201-500 名員工. 總部: Los AngelesCalifornia. 類型: 非營利組織. 創立時間: 1965. 專長 ...","site:linkedin.com/company/ ""community health center"" ""201-500""",28,2026-04-17T07:52:59Z,,none,4
kingsportsent,https://www.linkedin.com/company/kingsportsent,King Sports and Entertainment,1A_fqhc,FQHCs / Community Health Centers,community health center,Nov-50,"11-50 名員工. 總部: Celebration Florida. 類型: 私人所有. 專長: marketing ... Community Health Center (Free food, wellness checks, sports physicals & more!)","site:linkedin.com/company/ ""community health center"" ""11-50""",9,2026-04-17T07:51:12Z,https://www.hugedomains.com/domain_profile.cfm?d=king-sports.com,parking,4
legacyconstructionfresno,https://www.linkedin.com/company/legacyconstructionfresno,Legacy Construction,1A_fqhc,FQHCs / Community Health Centers,federally qualified health center,Nov-50,"11-50 employees. Headquarters: Fresno, California. Type: Partnership. Founded ... federally qualified health center. Locations. Primary. 5390 E.Pine Avenue.","site:linkedin.com/company/ ""federally qualified health center"" ""11-50""",7,2026-04-17T07:53:09Z,https://legacyconstruction.org,parking,4
little-colorado-medical-center,https://www.linkedin.com/company/little-colorado-medical-center,Little Colorado Medical Center,1A_fqhc,FQHCs / Community Health Centers,community health center,201-500,"201–500 ansatte. Hovedkontor: Winslow, Arizona. Type: Ideell organisasjon ... El Rio Community Health Center. Sykehus og helsetjenester. Tucson, Arizona. SALT ...","site:linkedin.com/company/ ""community health center"" ""201-500""",21,2026-04-17T07:52:50Z,https://littlecolorado.org,parking,4
mallory-community-health-center-lexington-ms,https://www.linkedin.com/company/mallory-community-health-center-lexington-ms,Mallory Community Health Center,1A_fqhc,FQHCs / Community Health Centers,community health center,51-200,"External link for Mallory Community Health Center. Industry: Health and Human Services. Company size: 51-200 employees. Headquarters: Lexington, Mississippi.","site:linkedin.com/company/ ""community health center"" ""51-200""",2,2026-04-17T07:51:44Z,,none,4
mary's-center,https://www.linkedin.com/company/mary's-center,Mary's Center,1A_fqhc,FQHCs / Community Health Centers,community health center,201-500,"... Community Health Center that provides health care, family literacy ... 201-500 dipendenti. Sede principale: Washington, District of ...","site:linkedin.com/company/ ""community health center"" ""201-500""",25,2026-04-17T07:52:55Z,https://www.maryscenter.org,title_mismatch,4
medcost-inc-,https://www.linkedin.com/company/medcost-inc-,MedCost Inc.,1A_fqhc,FQHCs / Community Health Centers,FQHC,Nov-50,External link for MedCost Inc. Industry: Hospitals and Health Care. Company size: 11-50 employees ... #oachc #fqhc #spendmanagement.,"site:linkedin.com/company/ ""FQHC"" ""11-50""",10,2026-04-17T07:54:37Z,https://www.medcost.com,ok,4
mobile-specialty-vehicles,https://www.linkedin.com/company/mobile-specialty-vehicles,Mobile Specialty Vehicles,1A_fqhc,FQHCs / Community Health Centers,FQHC,Nov-50,"11-50 employees. Headquarters: Wakarusa, Indiana. Type: Privately Held. Founded ... #FQHC #PublicHealth #MobileClinics. No alternative text description for ...","site:linkedin.com/company/ ""FQHC"" ""11-50""",16,2026-04-17T07:54:45Z,https://www.mobilespecialtyvehicles.com,ok,4
muskegon-family-care,https://www.linkedin.com/company/muskegon-family-care,Muskegon Family Care,1A_fqhc,FQHCs / Community Health Centers,federally qualified health center,51-200,"Muskegon Family Care | 485 følgere på LinkedIn. Muskegon Family Care is a Federally Qualified Health Center ... 51–200 ansatte. Hovedkontor: Muskegon, MI.","site:linkedin.com/company/ ""federally qualified health center"" ""51-200""",15,2026-04-17T07:53:30Z,https://www.hugedomains.com/domain_profile.cfm?d=muskegonfamilycare.com,parking,4
north-kern-south-tulare-hospital-district,https://www.linkedin.com/company/north-kern-south-tulare-hospital-district,NORTH KERN SOUTH TULARE HOSPITAL DISTRICT,1A_fqhc,FQHCs / Community Health Centers,FQHC,201-500,"District boundaries include an acute hospital, multiple Skilled Nursing Facilities and both FQHC's and a Rural Health Clinic (RHC). ... 201-500 employees.","site:linkedin.com/company/ ""FQHC"" ""201-500""",19,2026-04-17T07:56:01Z,https://northkern.net,bad_content,4
northeast-ohio-neighborhood-health-services-inc-,https://www.linkedin.com/company/northeast-ohio-neighborhood-health-services-inc-,"NORTHEAST OHIO NEIGHBORHOOD HEALTH SERVICES, INC.",1A_fqhc,FQHCs / Community Health Centers,federally qualified health center,201-500,... Federally Qualified Health Center (FQHC) with seven locations in Cleveland ... 직원 201-500명. 본사: Ohio Cleveland. 유형: 비영리. 설립: 1967. 전문 분야 ...,"site:linkedin.com/company/ ""federally qualified health center"" ""201-500""",2,2026-04-17T07:53:52Z,https://northeastohioregion.com,ok,4
neighborhood-family-practice,https://www.linkedin.com/company/neighborhood-family-practice,Neighborhood Family Practice,1A_fqhc,FQHCs / Community Health Centers,community health center,201-500,"201-500 employés. Siège social: Cleveland, Ohio. Type: Non ... So much is happening at our new community health center in the Clark ...","site:linkedin.com/company/ ""community health center"" ""201-500""",17,2026-04-17T07:52:44Z,https://www.hugedomains.com/domain_profile.cfm?d=neighborhoodfamily.com,parking,4
ohio-association-of-community-health-centers,https://www.linkedin.com/company/ohio-association-of-community-health-centers,Ohio Association of Community Health Centers,1A_fqhc,FQHCs / Community Health Centers,community health center,Nov-50,"11-50 karyawan. Kantor Pusat: Columbus, Ohio. Jenis ... Community Health Center is putting that ... Wishing our Community Health Center family a joyful holiday ...","site:linkedin.com/company/ ""community health center"" ""11-50""",7,2026-04-17T07:51:10Z,https://ohioassociation.wordpress.com,ok_loc_only,4
oklahoma-primary-care-assn,https://www.linkedin.com/company/oklahoma-primary-care-assn,Oklahoma Primary Care Association,1A_fqhc,FQHCs / Community Health Centers,community health center,Nov-50,직원 11-50명. 본사: Oklahoma ... The Plans answered a call to support a community health center through a tough financial period this holiday season.,"site:linkedin.com/company/ ""community health center"" ""11-50""",20,2026-04-17T07:51:26Z,https://oklahomaprimary.com,ok,4
open-door-health-center,https://www.linkedin.com/company/open-door-health-center,Open Door Health Center,1A_fqhc,FQHCs / Community Health Centers,community health center,51-200,"關於我們. Open Door Health Center is a non-profit community health center providing quality, affordable health care to everyone! ... 51-200 名員工.","site:linkedin.com/company/ ""community health center"" ""51-200""",22,2026-04-17T07:52:08Z,https://odhpvd.org,ok,4
open-door-bmh-health-center,https://www.linkedin.com/company/open-door-bmh-health-center,Open Door Health Services,1A_fqhc,FQHCs / Community Health Centers,federally qualified health center,51-200,"... Federally Qualified Health Center, meaning we provide comprehensive ... 51–200 Beschäftigte. Hauptsitz: Muncie, IN. Art: Nonprofit.","site:linkedin.com/company/ ""federally qualified health center"" ""51-200""",23,2026-04-17T07:53:41Z,https://www.opendoorhealthservices.com,ok_loc_only,4
outer-cape-health-services,https://www.linkedin.com/company/outer-cape-health-services,Outer Cape Health Services,1A_fqhc,FQHCs / Community Health Centers,community health center,51-200,"... community health center locations on Cape Cod, in Provincetown, Wellfleet and ... 51-200 karyawan. Kantor Pusat: Harwich Port, Massachusetts.","site:linkedin.com/company/ ""community health center"" ""51-200""",31,2026-04-17T07:52:24Z,https://outercape.com,ok,4
park-duvalle-community-health,https://www.linkedin.com/company/park-duvalle-community-health,Park DuValle Community Health Centers,1A_fqhc,FQHCs / Community Health Centers,federally qualified health center,51-200,"is a Federally Qualified Health Center (FQHC) with 5 locations in Louisville ... 51-200 employees. Headquarters: Louisville, Kentucky. Type: Nonprofit.","site:linkedin.com/company/ ""federally qualified health center"" ""51-200""",21,2026-04-17T07:53:38Z,,none,4
parktreechc,https://www.linkedin.com/company/parktreechc,ParkTree Community Health Center,1A_fqhc,FQHCs / Community Health Centers,community health center,51-200,ParkTree Community Health Center | LinkedIn 팔로워 200명 | We strive to ... 직원 51-200명. 본사: California Pomona. 유형: 비영리. 설립: 1995. 위치. 기본. 1450 E ...,"site:linkedin.com/company/ ""community health center"" ""51-200""",9,2026-04-17T07:51:52Z,https://parktreecommunityhealthcenter.org,title_mismatch,4
primehealthplus,https://www.linkedin.com/company/primehealthplus,PrimeHealth+,1A_fqhc,FQHCs / Community Health Centers,FQHC,51-200,"51-200 employees. Headquarters: Grand Junction, Colorado. Type: Nonprofit ... Why PrimeHealth+ Mission-driven FQHC serving diverse communities. Team ...","site:linkedin.com/company/ ""FQHC"" ""51-200""",5,2026-04-17T07:55:05Z,https://primehealth.org,title_mismatch,4
project-access-of-new-haven,https://www.linkedin.com/company/project-access-of-new-haven,Project Access of New Haven,1A_fqhc,FQHCs / Community Health Centers,community health center,Nov-50,"11 - 50 zaměstnanců. Ústředí: New Haven ... Podobné stránky. VIBE Research Lab. Veřejné zdraví. New York, NY. Community Health Center Association of Connecticut.","site:linkedin.com/company/ ""community health center"" ""11-50""",4,2026-04-17T07:51:05Z,https://www.project-access.org,ok,4
promise-community-health-center,https://www.linkedin.com/company/promise-community-health-center,Promise Community Health Center,1A_fqhc,FQHCs / Community Health Centers,community health center,51-200,"Promise Community Health Center | 148 followers on LinkedIn. Our ... 51-200 employees. Headquarters: Sioux Center, Iowa. Type: Nonprofit. Founded: 2008 ...","site:linkedin.com/company/ ""community health center"" ""51-200""",9,2026-04-17T07:51:52Z,https://cfmcky.com/services/behavioral-health,wrong_entity,4
redwood-coast-medical-services,https://www.linkedin.com/company/redwood-coast-medical-services,Redwood Coast Medical Services,1A_fqhc,FQHCs / Community Health Centers,community health center,51-200,... Community Health Center 330(e). RCMS is designated by the state as an ... 직원 51-200명. 본사: CA Gualala. 유형: 비영리. 설립: 1977. 위치. 기본. 46900 Ocean ...,"site:linkedin.com/company/ ""community health center"" ""51-200""",20,2026-04-17T07:52:05Z,https://www.visitredwoods.com,ok,4
relaymed,https://www.linkedin.com/company/relaymed,Relaymed,1A_fqhc,FQHCs / Community Health Centers,FQHC,Nov-50,"11–50 anställda. Huvudkontor: Winter Park, Florida. Typ: Publikt ... fqhc #physicians #pointofcaretesting #poc #diagnostics #medtech. Ingen ...","site:linkedin.com/company/ ""FQHC"" ""11-50""",10,2026-04-17T07:54:37Z,https://relaymed.com,needs_review,4
river-valley-primary-care-services,https://www.linkedin.com/company/river-valley-primary-care-services,River Valley Primary Care Services,1A_fqhc,FQHCs / Community Health Centers,federally qualified health center,201-500,"201-500 employees. Headquarters: Ratcliff, Arkansas. Type: Nonprofit. Founded ... (Federally Qualified Health Center): Flexible Locations & Schedules ...","site:linkedin.com/company/ ""federally qualified health center"" ""201-500""",15,2026-04-17T07:54:08Z,https://river-valley.org,title_mismatch,4
rockbridge-area-health-center,https://www.linkedin.com/company/rockbridge-area-health-center,Rockbridge Area Health Center,1A_fqhc,FQHCs / Community Health Centers,federally qualified health center,51-200,"51-200 employees. Headquarters: Lexington, VA. Type: Nonprofit. Founded ... Federally Qualified Health Center, is seeking a Registered Dietitian (RD) to ...","site:linkedin.com/company/ ""federally qualified health center"" ""51-200""",7,2026-04-17T07:53:20Z,,none,4
rocky-mountain-primary-care,https://www.linkedin.com/company/rocky-mountain-primary-care,Rocky Mountain Primary Care,1A_fqhc,FQHCs / Community Health Centers,community health center,Nov-50,"11 - 50 çalışan. Genel Merkez: Westminster, CO. Türü: Özel Şirket. Kuruluş: 1996 ... Tepeyac Community Health Center. Hastaneler ve Sağlık. Denver, CO. Daha ...","site:linkedin.com/company/ ""community health center"" ""11-50""",16,2026-04-17T07:51:21Z,https://rocky-mountain.org,needs_review,4
roy-e-whitehead-inc-,https://www.linkedin.com/company/roy-e-whitehead-inc-,"Roy E. Whitehead, Inc.",1A_fqhc,FQHCs / Community Health Centers,FQHC,51-200,"51 - 200 çalışan. Genel Merkez: Riverside, CA. Türü: Özel Şirket. Kuruluş: 1955 ... (FQHC), now serving as the flagship facility for SAC Health. Maryellen ...","site:linkedin.com/company/ ""FQHC"" ""51-200""",1,2026-04-17T07:55:01Z,https://www.royewhitehead.com,ok_loc_only,4
santa-cruz-community-health-centers,https://www.linkedin.com/company/santa-cruz-community-health-centers,Santa Cruz Community Health,1A_fqhc,FQHCs / Community Health Centers,community health center,201-500,"201-500 employees. Headquarters: Santa Cruz, CA. Type: Nonprofit. Founded: 1974 ... Community Health Center advocates at the 2026 National Association of ...","site:linkedin.com/company/ ""community health center"" ""201-500""",12,2026-04-17T07:52:37Z,http://santacruzcommunity.org,title_mismatch,4
scenic-rivers-health-svc,https://www.linkedin.com/company/scenic-rivers-health-svc,Scenic Rivers Health Services,1A_fqhc,FQHCs / Community Health Centers,community health center,51-200,"Our status as a Community Health Center ensures that our staff will do ... 51–200 ansatte. Hovedkontor: Cook, Minnesota. Type: Ideell organisasjon.","site:linkedin.com/company/ ""community health center"" ""51-200""",9,2026-04-17T07:51:52Z,https://www.scenicrivershealth.org,ok,4
schenectady-family-health-services,https://www.linkedin.com/company/schenectady-family-health-services,Schenectady Family Health Services,1A_fqhc,FQHCs / Community Health Centers,community health center,51-200,51-200 עובדים. סוג: Nonprofit. מיקומים. הראשי. קבלת הוראות הגעה. דפים דומים. Beacon Christian Community Health Center. Hospitals and Health Care. ‏Staten Island ...,"site:linkedin.com/company/ ""community health center"" ""51-200""",23,2026-04-17T07:52:10Z,,none,4
schneider-regional-medical-center,https://www.linkedin.com/company/schneider-regional-medical-center,Schneider Regional Medical Center,1A_fqhc,FQHCs / Community Health Centers,community health center,201-500,"Thomas), the Myrah Keating Smith Community Health Center (St. John) ... 201-500 employees. Headquarters: St Thomas, US Virgin Islands. Type: Government ...","site:linkedin.com/company/ ""community health center"" ""201-500""",9,2026-04-17T07:52:33Z,https://schneiderregional.net,thin_or_dead,4
shenandoah-medical-center,https://www.linkedin.com/company/shenandoah-medical-center,Shenandoah Medical Center,1A_fqhc,FQHCs / Community Health Centers,community health center,201-500,직원 201-500명. 본사: IA Shenandoah. 유형: 비영리. 설립: 1918. 전문 분야: Family ... River Hills Community Health Center. 병원·보건. 더보기 더보기 취소. LinkedIn ...,"site:linkedin.com/company/ ""community health center"" ""201-500""",12,2026-04-17T07:52:37Z,https://shenandoahmedical.com,needs_review,4
south-boston-community-health-center,https://www.linkedin.com/company/south-boston-community-health-center,South Boston Community Health Center,1A_fqhc,FQHCs / Community Health Centers,community health center,201-500,"... Community Health Center is a private, 501(c)(3) non-profit corporation ... 201-500 employés. Siège social: South Boston, MA. Type: Non lucratif. Lieux.","site:linkedin.com/company/ ""community health center"" ""201-500""",8,2026-04-17T07:52:32Z,https://south-boston.com,parking,4
spring-branch-community-health-center,https://www.linkedin.com/company/spring-branch-community-health-center,Spring Branch Community Health Center,1A_fqhc,FQHCs / Community Health Centers,community health center,201-500,"Spring Branch Community Health Center is a private, non-profit community health center ... 201-500 employees. Headquarters: Houston, Texas. Type: Nonprofit.","site:linkedin.com/company/ ""community health center"" ""201-500""",9,2026-04-17T07:52:33Z,https://www.mrgrealty.com/neighborhood/158489320/springbranch/katy-north,ok_loc_only,4
sunshine-community-health-center,https://www.linkedin.com/company/sunshine-community-health-center,Sunshine Community Health Center,1A_fqhc,FQHCs / Community Health Centers,community health center,51-200,"Sunshine Community Health Center | 373 followers on LinkedIn. Sunshine Community Health Center ... 51-200 employees. Headquarters: Talkeetna, AK. Type: Nonprofit.","site:linkedin.com/company/ ""community health center"" ""51-200""",8,2026-04-17T07:51:51Z,https://www.sunshine-community.org,needs_review,4
teche-action-clinic,https://www.linkedin.com/company/teche-action-clinic,Teche Action Clinic,1A_fqhc,FQHCs / Community Health Centers,community health center,201-500,Teche Action Clinic was the first community health center in Louisiana to ... 201-500 名員工. 總部: FranklinLouisiana. 類型: 非營利組織. 創立時間: 1974. 專長 ...,"site:linkedin.com/company/ ""community health center"" ""201-500""",3,2026-04-17T07:52:27Z,https://techehealth.org,ok,4
the-alinea-group-llc,https://www.linkedin.com/company/the-alinea-group-llc,The Alinea Group,1A_fqhc,FQHCs / Community Health Centers,FQHC,Nov-50,"11-50 employees. Headquarters: Atlanta, Georgia. Type: Partnership. Founded: 2014 ... FQHC, Ryan White, Hemophilia Treatment Centers, Healthcare ...","site:linkedin.com/company/ ""FQHC"" ""11-50""",9,2026-04-17T07:54:36Z,https://alinea-group.com,needs_review,4
tcchealth,https://www.linkedin.com/company/tcchealth,The Chautauqua Center,1A_fqhc,FQHCs / Community Health Centers,federally qualified health center,201-500,The Chautauqua Center | 387 followers on LinkedIn. Our Family Caring for Your Family | The Chautauqua Center is a Federally Qualified Health Center ... 201-500 ...,"site:linkedin.com/company/ ""federally qualified health center"" ""201-500""",9,2026-04-17T07:54:00Z,https://localadventures.is/tours-page,wrong_entity,4
the-exeter-group,https://www.linkedin.com/company/the-exeter-group,The Exeter Group,1A_fqhc,FQHCs / Community Health Centers,FQHC,Nov-50,"11-50 employés. Siège social: Chicago, IL. Type: Société civile/Société ... Domaines: Hospital C-Suite, Healthcare (clinical & non-clinical), Healthcare IT, ...","site:linkedin.com/company/ ""FQHC"" ""11-50""",6,2026-04-17T07:54:33Z,https://www.exeter-group.com,needs_review,4
third-street-family-health-services,https://www.linkedin.com/company/third-street-family-health-services,Third Street Family Health Services,1A_fqhc,FQHCs / Community Health Centers,FQHC,51-200,"51-200 employés. Siège social: Mansfield, Ohio. Type: Non lucratif. Fondée en ... FQHC transforming community health across 11 locations in north-central Ohio.","site:linkedin.com/company/ ""FQHC"" ""51-200""",2,2026-04-17T07:55:02Z,https://thirdstreetfamily.org,ok,4
tiburcio-vasquez-health-ctr,https://www.linkedin.com/company/tiburcio-vasquez-health-ctr,Tiburcio Vasquez Health Center,1A_fqhc,FQHCs / Community Health Centers,community health center,201-500,"201-500 employees. Headquarters: Hayward, California. Type: Public Company ... Community Health Center Network. Hospitals and Health Care. San Leandro, CA ...","site:linkedin.com/company/ ""community health center"" ""201-500""",7,2026-04-17T07:52:31Z,https://tiburciovasquez.com,title_mismatch,4
utah-partners-for-health,https://www.linkedin.com/company/utah-partners-for-health,UTAH PARTNERS FOR HEALTH,1A_fqhc,FQHCs / Community Health Centers,federally qualified health center,51-200,"51-200 de angajați. Sediu: Midvale, Utah. Tip: Non-profit. Înființată ... Federally Qualified Health Center, Specialty Referral Coordination și Mobile Clinics ...","site:linkedin.com/company/ ""federally qualified health center"" ""51-200""",5,2026-04-17T07:53:18Z,https://utahpartners.com,parking,4
unicare-community-health-center-inc,https://www.linkedin.com/company/unicare-community-health-center-inc,Unicare Community Health Center,1A_fqhc,FQHCs / Community Health Centers,community health center,201-500,"Unicare Community Health Center | 806 followers on LinkedIn. We are a ... 201-500 employees. Headquarters: Ontario, California. Type: Nonprofit. Founded ...","site:linkedin.com/company/ ""community health center"" ""201-500""",22,2026-04-17T07:52:51Z,,none,4
valley-family-health-care,https://www.linkedin.com/company/valley-family-health-care,Valley Family Health Care,1A_fqhc,FQHCs / Community Health Centers,community health center,201-500,"201–500 Beschäftigte. Hauptsitz: Payette, ID. Art: Nonprofit. Gegründet: 1981 ... Ähnliche Seiten. Community Health Center of Central Wyoming. Arztpraxen.","site:linkedin.com/company/ ""community health center"" ""201-500""",6,2026-04-17T07:52:30Z,https://www.vfhc.org,title_mismatch,4
valleywidehealthsystems,https://www.linkedin.com/company/valleywidehealthsystems,Valley-Wide Health Systems,1A_fqhc,FQHCs / Community Health Centers,FQHC,201-500,"201-500 employees. Headquarters: Alamosa, CO. Type: Nonprofit. Founded: 1976. Specialties: Dental, Behavioral Health, Physical Therapy, Family Medical, Pharmacy ...","site:linkedin.com/company/ ""FQHC"" ""201-500""",25,2026-04-17T07:56:09Z,https://valley-widehealth.org,needs_review,4
vibranthealthkc,https://www.linkedin.com/company/vibranthealthkc,Vibrant Health,1A_fqhc,FQHCs / Community Health Centers,community health center,51-200,51-200 人. 总部: Kansas City，KS. 类型: 非营利机构. 创立: 1990. 领域 ... Vibrant Health is a community health center with a mission to make ...,"site:linkedin.com/company/ ""community health center"" ""51-200""",5,2026-04-17T07:51:47Z,https://vibrant-health.org,thin_or_dead,4
kinston-community-health-center-inc,https://www.linkedin.com/company/kinston-community-health-center-inc,"Wallace, Morris, Barwick, Landis & Stroud, P.A.",1A_fqhc,FQHCs / Community Health Centers,community health center,201-500,"201–500 ansatte. Hovedkontor: Kinston, NC. Type: Utdanning. Beliggenheter. Primær ... Kinston Community Health Center, Inc. Sykehus og helsetjenester. Kinston ...","site:linkedin.com/company/ ""community health center"" ""201-500""",29,2026-04-17T07:53:00Z,,none,4
western-wayne-family-health-centers,https://www.linkedin.com/company/western-wayne-family-health-centers,Western Wayne Family Health Centers,1A_fqhc,FQHCs / Community Health Centers,federally qualified health center,51-200,"... Federally Qualified Health Center that has grown to serve over 16000 ... 51-200 employees. Headquarters: Inkster , Michigan. Type: Nonprofit. Founded: 2006.","site:linkedin.com/company/ ""federally qualified health center"" ""51-200""",1,2026-04-17T07:53:13Z,https://ww3.westernwayne.org,ok,4
westside-family-health-center,https://www.linkedin.com/company/westside-family-health-center,Westside Family Health Center,1A_fqhc,FQHCs / Community Health Centers,federally qualified health center,51-200,"... Federally Qualified Health Center (FQHC) and Patient-Centered Medical Home (PCMH) serving ... 51-200 employees. Headquarters: Culver City, California. Type ...","site:linkedin.com/company/ ""federally qualified health center"" ""51-200""",21,2026-04-17T07:53:38Z,https://westsidefamily.org,needs_review,4
westside-family-healthcare,https://www.linkedin.com/company/westside-family-healthcare,Westside Family Healthcare,1A_fqhc,FQHCs / Community Health Centers,federally qualified health center,201-500,Westside Family Healthcare is a Joint-Commission-accredited nonprofit federally qualified health center ... 직원 201-500명. 본사: DE Wilmington. 유형: 비영리.,"site:linkedin.com/company/ ""federally qualified health center"" ""201-500""",2,2026-04-17T07:53:52Z,https://westsidefamilyhealthcare.org,title_mismatch,4
workforce-development-board-of-middlesex-county-inc,https://www.linkedin.com/company/workforce-development-board-of-middlesex-county-inc,Workforce Development Board of Middlesex County,1A_fqhc,FQHCs / Community Health Centers,FQHC,Nov-50,"11-50 employees. Headquarters: New Brunswick, New Jersey. Type: Government ... As a Federally Qualified Health Center (FQHC), the JRF-CHC is dedicated to ...","site:linkedin.com/company/ ""FQHC"" ""11-50""",13,2026-04-17T07:54:41Z,https://www.wdb.ca,ok,4
aplahealth,https://www.linkedin.com/company/aplahealth,APLA Health,1A_fqhc,FQHCs / Community Health Centers,federally qualified health center,51-200,... federally qualified health center serving more than 14000 people annually ... 직원 51-200명. 본사: CA Los Angeles. 유형: 비영리. 설립: 1983. 전문 분야: Dental ...,"site:linkedin.com/company/ ""federally qualified health center"" ""51-200""",3,2026-04-17T07:53:16Z,https://aplahealth.org,needs_review,3
access-community-health-center,https://www.linkedin.com/company/access-community-health-center,Access Community Health Center,1A_fqhc,FQHCs / Community Health Centers,community health center,Nov-50,"External link for Access Community Health Center. Industry: Non-profit Organizations. Company size: 11-50 employees. Headquarters: Santa Ana, California. Type ...","site:linkedin.com/company/ ""community health center"" ""11-50""",1,2026-04-17T07:51:02Z,https://accesscommunityhealthcenters.org,needs_review,3
advantex-professional-services,https://www.linkedin.com/company/advantex-professional-services,Advantex Professional Services,1A_fqhc,FQHCs / Community Health Centers,FQHC,Nov-50,"11-50 employees. Headquarters: Irvine, CA. Type: Privately Held. Specialties: IT ... FQHC. This content isn't available here. Access this content and more in ...","site:linkedin.com/company/ ""FQHC"" ""11-50""",10,2026-04-17T07:54:37Z,https://advantexprofessionalservices.com,parking,3
affinity-hp,https://www.linkedin.com/company/affinity-hp,Affinity Health Partners,1A_fqhc,FQHCs / Community Health Centers,FQHC,51-200,"51-200 employees. Headquarters: Plano, Texas. Type: Privately Held. Founded: 2017. Specialties: Rural Healthcare, Critical Access Hospitals, Perioperative ...","site:linkedin.com/company/ ""FQHC"" ""51-200""",4,2026-04-17T07:55:04Z,https://affinityhealthpartners.org,parking,3
alameda-health-consortium,https://www.linkedin.com/company/alameda-health-consortium,Alameda Health Consortium,1A_fqhc,FQHCs / Community Health Centers,community health center,Nov-50,"11-50 employees. Headquarters: San Leandro, CA. Type: Nonprofit. Founded: 1972 ... Similar pages. Community Health Center Network. Hospitals and Health Care.","site:linkedin.com/company/ ""community health center"" ""11-50""",3,2026-04-17T07:51:04Z,https://www.alamedahealthconsortium.org,ok,3
alchemyhealth,https://www.linkedin.com/company/alchemyhealth,Alchemy,1A_fqhc,FQHCs / Community Health Centers,FQHC,Nov-50,"A Manager on our Pharmacy Strategy & Operations team, Kelsey brings years of experience as a clinical pharmacist at an FQHC. She works side-by ...","site:linkedin.com/company/ ""FQHC"" ""11-50""",5,2026-04-17T07:54:31Z,https://www.alchemy.com,ok,3
all-care-health-center,https://www.linkedin.com/company/all-care-health-center,All Care Health Center,1A_fqhc,FQHCs / Community Health Centers,community health center,51-200,"... Community Health Center and has experienced significant growth and expansion since its inception ... 51-200 employees. Headquarters: Council Bluffs, IA. Type ...","site:linkedin.com/company/ ""community health center"" ""51-200""",5,2026-04-17T07:51:47Z,https://www.allcarehealthcenter.org,ok,3
alliance-medical-center,https://www.linkedin.com/company/alliance-medical-center,Alliance Medical Center,1A_fqhc,FQHCs / Community Health Centers,FQHC,51-200,We are a Federally Qualified Healthcare Center (FQHC) and currently the #16th largest nonprofit organization in the North Bay. ... 51-200 employees.,"site:linkedin.com/company/ ""FQHC"" ""51-200""",27,2026-04-17T07:55:34Z,https://alliancemedicalcenter.com,parking,3
amazing-taste-foods-inc.,https://www.linkedin.com/company/amazing-taste-foods-inc.,"Amazing Taste Foods, Inc.",1A_fqhc,FQHCs / Community Health Centers,community health center,Nov-50,11-50 pekerja. Jenis: Milik Persendirian. Ditubuhkan: 1977. Pekerja di Amazing ... River Hills Community Health Center. Hospital dan Penjagaan Kesihatan ...,"site:linkedin.com/company/ ""community health center"" ""11-50""",22,2026-04-17T07:51:28Z,https://amazingtaste.com,ok,3
anchorage-neighborhood-health-center-inc.,https://www.linkedin.com/company/anchorage-neighborhood-health-center-inc.,"Anchorage Neighborhood Health Center, Inc.",1A_fqhc,FQHCs / Community Health Centers,community health center,201-500,"201-500 employees. Headquarters: Anchorage, AK. Type: Nonprofit. Founded: 1974 ... community health center to meet that trust with compassion and respect. We ...","site:linkedin.com/company/ ""community health center"" ""201-500""",12,2026-04-17T07:52:37Z,https://anchorageneighborhood.com,parking,3
appalachian-mountain-health,https://www.linkedin.com/company/appalachian-mountain-health,Appalachian Mountain Health,1A_fqhc,FQHCs / Community Health Centers,community health center,51-200,"51-200 employees. Headquarters: Asheville, North Carolina. Type: Government ... North Carolina Community Health Center Association. Hospitals and Health ...","site:linkedin.com/company/ ""community health center"" ""51-200""",11,2026-04-17T07:51:54Z,https://www.appalachianmountainhealth.org,ok,3
applied-science-inc.,https://www.linkedin.com/company/applied-science-inc.,"Applied Science, Inc.",1A_fqhc,FQHCs / Community Health Centers,FQHC,Nov-50,"11–50 anställda. Typ: Privatägt företag. Grundat ... —where #AI is driving #innovation in blood banking, donor/patient engagement, and FQHC population health.","site:linkedin.com/company/ ""FQHC"" ""11-50""",11,2026-04-17T07:54:39Z,https://applied-science.com,ok,3
aria-community-health-center,https://www.linkedin.com/company/aria-community-health-center,Aria Community Health Center,1A_fqhc,FQHCs / Community Health Centers,community health center,201-500,"Aria Community Health Center | 352 followers on LinkedIn. Aria Community Health Center ... 201-500 employees. Headquarters: Lemoore, California. Type: Public ...","site:linkedin.com/company/ ""community health center"" ""201-500""",27,2026-04-17T07:52:58Z,https://ariacommunityhealthcenter.org,parking,3
asian-american-health-coalition-dba-hope-clinic,https://www.linkedin.com/company/asian-american-health-coalition-dba-hope-clinic,Asian American Health Coalition,1A_fqhc,FQHCs / Community Health Centers,community health center,51-200,51-200 人. 总部: Houston，TX. 类型: 非营利机构. 创立: 2002. 领域: Pediatrics、Family ... Spring Branch Community Health Center. 医院和医疗保健. Houston，Texas ...,"site:linkedin.com/company/ ""community health center"" ""51-200""",11,2026-04-17T07:51:54Z,https://asianamericanhealth.com,wrong_entity,3
avenue-360-health-and-wellness,https://www.linkedin.com/company/avenue-360-health-and-wellness,Avenue 360 Health and Wellness,1A_fqhc,FQHCs / Community Health Centers,community health center,51-200,"51–200 anställda. Huvudkontor: Houston ... Liknande sidor. Legacy Community Health. Sjukhus och hälsovård. Houston, TX. Spring Branch Community Health Center.","site:linkedin.com/company/ ""community health center"" ""51-200""",3,2026-04-17T07:51:45Z,,none,3
baltimore-medical-system,https://www.linkedin.com/company/baltimore-medical-system,Baltimore Medical System,1A_fqhc,FQHCs / Community Health Centers,federally qualified health center,201-500,... Federally Qualified Health Center (FQHC) system in Maryland. Being ... 201-500 名員工. 總部: BaltimoreMaryland. 類型: 非營利組織. 創立時間 ...,"site:linkedin.com/company/ ""federally qualified health center"" ""201-500""",18,2026-04-17T07:54:12Z,https://www.baltimoremedical.org,needs_review,3
bay-clinic-inc-,https://www.linkedin.com/company/bay-clinic-inc-,"Bay Clinic, Inc.",1A_fqhc,FQHCs / Community Health Centers,federally qualified health center,51-200,"... Federally Qualified Health Center (FQHC) and sole safety-net provider for 55 ... 51-200 pekerja. Ibu pejabat: Hilo, HI. Jenis: Kebajikan. Ditubuhkan: 1983.","site:linkedin.com/company/ ""federally qualified health center"" ""51-200""",21,2026-04-17T07:53:38Z,http://www.bay-clinic.com/,parking,3
bond-community-health-ctr,https://www.linkedin.com/company/bond-community-health-ctr,"Bond Community Health Center, Inc.",1A_fqhc,FQHCs / Community Health Centers,community health center,51-200,"קישור חיצוני עבור Bond Community Health Center, Inc. תעשייה: Hospitals and Health Care. גודל החברה: 51-200 עובדים. משרדים ראשיים: Tallahassee, Florida. סוג ...","site:linkedin.com/company/ ""community health center"" ""51-200""",31,2026-04-17T07:52:24Z,https://www.hugedomains.com/domain_profile.cfm?d=bondcommunity.com,parking,3
burrows-consulting-llc,https://www.linkedin.com/company/burrows-consulting-llc,"Burrows Consulting, LLC",1A_fqhc,FQHCs / Community Health Centers,FQHC,Nov-50,Our services include: -Grant writing and funding strategy -FQHC compliance ... 11-50 employees. Headquarters: Indiana. Type: Public Company. Founded: 2014.,"site:linkedin.com/company/ ""FQHC"" ""11-50""",1,2026-04-17T07:54:27Z,https://burrows-consulting.org,parking,3
cm-company-inc,https://www.linkedin.com/company/cm-company-inc,"CM Company, Inc.",1A_fqhc,FQHCs / Community Health Centers,community health center,Nov-50,"Link zewnętrzny organizacji CM Company, Inc. Branża: Budownictwo. Wielkość firmy: 11–50 pracowników ... Community Health Center in Fort Hall. This long- ...","site:linkedin.com/company/ ""community health center"" ""11-50""",10,2026-04-17T07:51:13Z,http://cm.org,title_mismatch,3
cnect,https://www.linkedin.com/company/cnect,CNECT,1A_fqhc,FQHCs / Community Health Centers,community health center,Nov-50,"11-50 名員工. 總部: San DiegoCalifornia. 類型: 私人所有. 創立時間: 1979. 地點 ... Facing a multisite telecommunication challenge, STRIDE Community Health Center ...","site:linkedin.com/company/ ""community health center"" ""11-50""",9,2026-04-17T07:51:12Z,http://cnect.org,parking,3
crchcsocial,https://www.linkedin.com/company/crchcsocial,Cabarrus Rowan Community Health Centers Inc.,1A_fqhc,FQHCs / Community Health Centers,federally qualified health center,51-200,"... Federally Qualified Health Center funded under Section 330 of the Public Health Service Act, Cabarrus Rowan Community Health Centers (CRCHC) has served as a ...","site:linkedin.com/company/ ""federally qualified health center"" ""51-200""",8,2026-04-17T07:53:21Z,,none,3
capital-link-inc.,https://www.linkedin.com/company/capital-link-inc.,Capital Link,1A_fqhc,FQHCs / Community Health Centers,FQHC,Nov-50,"11-50 employees. Headquarters: Boston, MA. Type: Nonprofit. Founded: 1998 ... FQHC C-suite leadership on facility financing, New Markets Tax Credits, and ...","site:linkedin.com/company/ ""FQHC"" ""11-50""",13,2026-04-17T07:54:41Z,http://www.capital-link.org,needs_review,3
capturerx,https://www.linkedin.com/company/capturerx,CaptureRx,1A_fqhc,FQHCs / Community Health Centers,FQHC,51-200,"51-200 employés. Siège social: San Antonio, Texas. Type: Société civile/Société ... Booth #18 | #340B #340BProgram #FQHC #CaptureRx. Aucune description ...","site:linkedin.com/company/ ""FQHC"" ""51-200""",1,2026-04-17T07:55:01Z,https://capturerx.org,thin_or_dead,3
carevide,https://www.linkedin.com/company/carevide,Carevide,1A_fqhc,FQHCs / Community Health Centers,community health center,51-200,51-200 名員工. 總部: GreenvilleTexas. 類型: 非營利組織. 地點. 主要. 4500 Wesley St ... An Advocacy Center of Excellence (ACE) is a Community Health Center ...,"site:linkedin.com/company/ ""community health center"" ""51-200""",3,2026-04-17T07:51:45Z,https://carevide.org,needs_review,3
caring-health-center-inc,https://www.linkedin.com/company/caring-health-center-inc,"Caring Health Center, Inc.",1A_fqhc,FQHCs / Community Health Centers,community health center,201-500,"201-500 employees. Headquarters: Springfield, MA. Type: Nonprofit ... community health center at Columbia Point. Thank you to all who ...","site:linkedin.com/company/ ""community health center"" ""201-500""",8,2026-04-17T07:52:32Z,https://caringhealthcenter.com,parking,3
carolina-health-centers-inc,https://www.linkedin.com/company/carolina-health-centers-inc,"Carolina Health Centers, Inc.",1A_fqhc,FQHCs / Community Health Centers,FQHC,201-500,"Carolina Health Centers, Inc. Arztpraxen. Greenwood, South Carolina 541 Follower:innen. We are the FQHC serving the Lakelands area of South Carolina. ... 201–500 ...","site:linkedin.com/company/ ""FQHC"" ""201-500""",6,2026-04-17T07:55:46Z,https://www.carolinahealthcenters.org,title_mismatch,3
center-for-family-health,https://www.linkedin.com/company/center-for-family-health,Center for Family Health,1A_fqhc,FQHCs / Community Health Centers,federally qualified health center,201-500,"The Center for Family Health is a Federally Qualified Health Center (FQHC) located in downtown Jackson, Michigan. ... 201-500 名員工. 總部: JacksonMI. 類型: 非 ...","site:linkedin.com/company/ ""federally qualified health center"" ""201-500""",4,2026-04-17T07:53:54Z,https://centerforfamilyhealth.org,needs_review,3
chapcarebyaltamed,https://www.linkedin.com/company/chapcarebyaltamed,ChapCare by AltaMed,1A_fqhc,FQHCs / Community Health Centers,community health center,51-200,"51-200 employees. Headquarters: Pasadena, CA. Type: Nonprofit. Founded: 1995 ... ParkTree Community Health Center. Hospitals and Health Care. Pomona ...","site:linkedin.com/company/ ""community health center"" ""51-200""",26,2026-04-17T07:52:15Z,https://cba.org/home,title_mismatch,3
columbia-river-health,https://www.linkedin.com/company/columbia-river-health,Columbia River Health,1A_fqhc,FQHCs / Community Health Centers,federally qualified health center,Nov-50,"... federally qualified health center ... 11-50 employees. Headquarters: Boardman, Oregon. Type: Nonprofit. Specialties: Family Healthcare and ...","site:linkedin.com/company/ ""federally qualified health center"" ""11-50""",9,2026-04-17T07:53:12Z,https://domains.atom.com/lpd/name/columbiariver.org,wrong_entity,3
memberdriven,https://www.linkedin.com/company/memberdriven,Community Clinic Association of Los Angeles County,1A_fqhc,FQHCs / Community Health Centers,community health center,Nov-50,"11-50 employees. Headquarters: Los Angeles, California. Type: Nonprofit ... Community health center leaders, staff and partners came together at the ...","site:linkedin.com/company/ ""community health center"" ""11-50""",7,2026-04-17T07:51:10Z,https://communityclinicassociation.org,wrong_entity,3
community-health-wellness-center,https://www.linkedin.com/company/community-health-wellness-center,Community Health & Wellness Center,1A_fqhc,FQHCs / Community Health Centers,federally qualified health center,51-200,Community Health & Wellness Center is an award-winning 501(c)(3) non-profit organization and the sole Federally Qualified Health Center ... 51-200 employees.,"site:linkedin.com/company/ ""federally qualified health center"" ""51-200""",6,2026-04-17T07:53:19Z,https://community-health.com,parking,3
community-health-access-network-chan,https://www.linkedin.com/company/community-health-access-network-chan,Community Health Access Network (CHAN),1A_fqhc,FQHCs / Community Health Centers,community health center,Nov-50,"11-50 employees. Headquarters: Newmarket, NH. Type: Nonprofit. Founded: 1995 ... Moses Lake Community Health Center. Hospitals and Health Care. Moses Lake, WA ...","site:linkedin.com/company/ ""community health center"" ""11-50""",2,2026-04-17T07:51:03Z,https://communityhealthaccess-com.l.ink,title_mismatch,3
community-health-care-association-of-nys-chcanys-,https://www.linkedin.com/company/community-health-care-association-of-nys-chcanys-,Community Health Care Association of NYS,1A_fqhc,FQHCs / Community Health Centers,community health center,Nov-50,"11–50 Beschäftigte. Hauptsitz: New York, NY. Art ... community health center experience focused on ... Community Health Center. https://lnkd.in/egXdAGXD.","site:linkedin.com/company/ ""community health center"" ""11-50""",1,2026-04-17T07:51:02Z,http://community-health-care.com,title_mismatch,3
chcsofms,https://www.linkedin.com/company/chcsofms,Community Health Center Association of Mississippi,1A_fqhc,FQHCs / Community Health Centers,community health center,Nov-50,External link for Community Health Center Association of Mississippi. Industry: Hospitals and Health Care. Company size: 11-50 employees. Headquarters: Jackson ...,"site:linkedin.com/company/ ""community health center"" ""11-50""",1,2026-04-17T07:51:02Z,https://communityhealthcenter.org,wrong_entity,3
chcvt,https://www.linkedin.com/company/chcvt,Community Health Centers,1A_fqhc,FQHCs / Community Health Centers,federally qualified health center,201-500,"As your Federally Qualified Health Center, our goal is to be the cornerstone ... 201-500 employees. Headquarters: Burlington. Type: Nonprofit. Founded: 1971 ...","site:linkedin.com/company/ ""federally qualified health center"" ""201-500""",20,2026-04-17T07:54:14Z,https://www.communityhealthcenters.org,title_mismatch,3
communityhealthsystems-california,https://www.linkedin.com/company/communityhealthsystems-california,"Community Health Systems, Inc. (FQHC)",1A_fqhc,FQHCs / Community Health Centers,FQHC,201-500,"http://www.chsica.org. Community Health Systems, Inc. (FQHC)的外部链接. 所属行业: 医院和医疗保健. 规模: 201-500 人. 总部: Riverside，CA. 类型: 非营利机构. 创立 ...","site:linkedin.com/company/ ""FQHC"" ""201-500""",1,2026-04-17T07:55:40Z,https://www.communityhealthsystem.org,title_mismatch,3
comprehensive-community-health-centers,https://www.linkedin.com/company/comprehensive-community-health-centers,Comprehensive Community Health Centers,1A_fqhc,FQHCs / Community Health Centers,federally qualified health center,201-500,"| Comprehensive Community Health Centers, Inc. (CCHC) is a Federally Qualified Health Center ... (CCHC) is a Federally Qualified Health Center ... 직원 201-500명.","site:linkedin.com/company/ ""federally qualified health center"" ""201-500""",1,2026-04-17T07:53:51Z,https://comprehensivecommunityhealth.com,parking,3
comprehensive-orthopaedic-global,https://www.linkedin.com/company/comprehensive-orthopaedic-global,Comprehensive Orthopaedic Global,1A_fqhc,FQHCs / Community Health Centers,community health center,Nov-50,"11-50 employés. Siège social: St Thomas, Virgin Islands. Type: Société civile ... Myrah Keating Smith Community Health Center. Susannaberg. 00831 St John ...","site:linkedin.com/company/ ""community health center"" ""11-50""",11,2026-04-17T07:51:14Z,https://comprehensiveorthopaedic.com,parking,3
cottage-hospital,https://www.linkedin.com/company/cottage-hospital,Cottage Hospital,1A_fqhc,FQHCs / Community Health Centers,FQHC,201-500,"201–500 сотрудников ... Проложить маршрут. Сотрудники Cottage Hospital. Нажмите здесь, чтобы просмотреть профиль участника Jesse Dimick. Jesse Dimick. Director of ...","site:linkedin.com/company/ ""FQHC"" ""201-500""",8,2026-04-17T07:55:48Z,https://www.cottagehospital.com,ok,3
crescent-community-health-center,https://www.linkedin.com/company/crescent-community-health-center,Crescent Community Health Center,1A_fqhc,FQHCs / Community Health Centers,federally qualified health center,51-200,... federally qualified health center providing primary and preventative medical ... 51-200 名員工. 總部: DubuqueIowa. 類型: 非營利組織. 創立時間: 2006. 地點. 主要.,"site:linkedin.com/company/ ""federally qualified health center"" ""51-200""",22,2026-04-17T07:53:40Z,https://crescentcc.org,needs_review,3
crusader-community-health,https://www.linkedin.com/company/crusader-community-health,Crusader Community Health,1A_fqhc,FQHCs / Community Health Centers,community health center,201-500,"Crusader Community Health | 1040 (na) tagasubaybay sa LinkedIn. Crusader Community Health is a community based, non-profit community health center founded ...","site:linkedin.com/company/ ""community health center"" ""201-500""",22,2026-04-17T07:52:51Z,https://www.crusaderhealth.org,ok,3
cura-digital-health-solutions,https://www.linkedin.com/company/cura-digital-health-solutions,"Cura Digital Health Solutions, Inc.",1A_fqhc,FQHCs / Community Health Centers,community health center,Nov-50,11-50 名員工. 總部: TulsaOklahoma. 類型: 私人所有. 創立時間: 2018. 地點 ... STRIDE Community Health Center. 醫療保健. DenverColorado · NeuroLeap ...,"site:linkedin.com/company/ ""community health center"" ""11-50""",13,2026-04-17T07:51:17Z,https://cura-digital.com,title_mismatch,3
custom-data-services-inc,https://www.linkedin.com/company/custom-data-services-inc,"Custom Data Services, Inc",1A_fqhc,FQHCs / Community Health Centers,FQHC,Nov-50,"11-50 employees. Headquarters: Merrillville, IN. Type: Privately Held ... FQHC services. Claims for non-behavioral health telehealth and Hospital Care ...","site:linkedin.com/company/ ""FQHC"" ""11-50""",13,2026-04-17T07:54:41Z,https://www.afternic.com/forsale/customdataservices.com?utm_source=tdfs&utm_medium=sn_affiliate_click&utm_campaign=tdfs_godaddy_dls&traffic_type=tdfs&traffic_id=godaddy_dls,title_mismatch,3
david-raines-community-health,https://www.linkedin.com/company/david-raines-community-health,David Raines Community Health,1A_fqhc,FQHCs / Community Health Centers,community health center,Nov-50,"Community health center affordable medical, dental, and behavioral health ... 11–50 anställda. Huvudkontor: Shreveport, Louisiana. Adresser. 1625 David ...","site:linkedin.com/company/ ""community health center"" ""11-50""",27,2026-04-17T07:51:36Z,https://www.davidraineschc.org,title_mismatch,3
directrelief,https://www.linkedin.com/company/directrelief,Direct Relief,1A_fqhc,FQHCs / Community Health Centers,community health center,51-200,"51-200 працівників. Штаб-квартира: Santa Barbara, CA. Тип: Некомерційна ... community health center emergency preparedness. Network with health center ...","site:linkedin.com/company/ ""community health center"" ""51-200""",5,2026-04-17T07:51:47Z,https://www.directrelief.org,ok,3
duffyhealthcenter,https://www.linkedin.com/company/duffyhealthcenter,Duffy Health Center,1A_fqhc,FQHCs / Community Health Centers,community health center,51-200,"51-200 funcionários. Sede: Hyannis, MA. Tipo: Sem fins lucrativos. Fundada em ... Community Health Center. Atividades de organizações sem fins lucrativos.","site:linkedin.com/company/ ""community health center"" ""51-200""",21,2026-04-17T07:52:07Z,https://www.duffyhealthcenter.org,ok,3
eastside-family-health-center,https://www.linkedin.com/company/eastside-family-health-center,Eastside Family Health Center,1A_fqhc,FQHCs / Community Health Centers,community health center,Nov-50,"11-50 employees. Headquarters: kirkland, washington. Type: Privately Held ... Community Health Center of Snohomish County (CHC). Hospitals and Health Care.","site:linkedin.com/company/ ""community health center"" ""11-50""",3,2026-04-17T07:51:04Z,https://eastsidefamilyhealth.org,bad_content,3
eisnerhealth,https://www.linkedin.com/company/eisnerhealth,Eisner Health,1A_fqhc,FQHCs / Community Health Centers,community health center,201-500,"... community health center (FQHC), we open our doors to all patients ... 201–500 Beschäftigte. Hauptsitz: Los Angeles, CA. Art: Nonprofit. Gegründet: 1920.","site:linkedin.com/company/ ""community health center"" ""201-500""",1,2026-04-17T07:52:25Z,https://eisnerhealth.org,needs_review,3
emerald-a-r-systems,https://www.linkedin.com/company/emerald-a-r-systems,Emerald AR Systems,1A_fqhc,FQHCs / Community Health Centers,FQHC,51-200,직원 51-200명. 본사: AZ Phoenix. 유형: 비상장기업. 설립: 2007. 전문 분야: Self-Pay ... 관련 페이지. FQHC. 금융 서비스. Arizona Phoenix · Emerald EBO. 비슷한 ...,"site:linkedin.com/company/ ""FQHC"" ""51-200""",10,2026-04-17T07:55:12Z,https://www.emeraldar.com,title_mismatch,3
equiscript,https://www.linkedin.com/company/equiscript,"Equiscript, LLC",1A_fqhc,FQHCs / Community Health Centers,FQHC,51-200,"51-200 employees. Headquarters: Charleston, SC. Type: Privately Held. Founded ... #FQHC #340B #340BProgram #CoveredEntity. No alternative text description ...","site:linkedin.com/company/ ""FQHC"" ""51-200""",24,2026-04-17T07:55:30Z,https://www.equiscript.com/home,needs_review,3
facktor-health,https://www.linkedin.com/company/facktor-health,Facktor,1A_fqhc,FQHCs / Community Health Centers,community health center,Nov-50,"... Community Health Center [CHC] providers throughout the United States since ... 11-50 employees. Headquarters: Los Angeles, CA. Type: Self-Owned. Founded ...","site:linkedin.com/company/ ""community health center"" ""11-50""",11,2026-04-17T07:51:14Z,https://facktor.com,parking,3
fairfieldchc,https://www.linkedin.com/company/fairfieldchc,Fairfield Community Health Center,1A_fqhc,FQHCs / Community Health Centers,community health center,51-200,"External link for Fairfield Community Health Center. Industry: Hospitals and Health Care. Company size: 51-200 employees. Headquarters: Lancaster, Ohio. Type ...","site:linkedin.com/company/ ""community health center"" ""51-200""",4,2026-04-17T07:51:46Z,https://fairfieldcommunity.com,needs_review,3
fairview-community-health-center,https://www.linkedin.com/company/fairview-community-health-center,Fairview Community Health Center,1A_fqhc,FQHCs / Community Health Centers,community health center,51-200,"Fairview Community Health Center | 131 followers on LinkedIn. Fairview ... 51-200 employees. Headquarters: Bowling Green, Kentucky. Type: Nonprofit. Founded ...","site:linkedin.com/company/ ""community health center"" ""51-200""",6,2026-04-17T07:51:48Z,https://www.fairviewcommunityhealth.org,ok,3
family-and-medical-counseling-service-inc-,https://www.linkedin.com/company/family-and-medical-counseling-service-inc-,Family and Medical Counseling Service Inc.,1A_fqhc,FQHCs / Community Health Centers,community health center,51-200,"FMCS is a community health center located in the historic Anacostia ... 51 - 200 çalışan. Genel Merkez: Washington, DC. Türü: Kâr Amacı Gütmeyen Kuruluş.","site:linkedin.com/company/ ""community health center"" ""51-200""",10,2026-04-17T07:51:53Z,,none,3
finger-lakes-community-health,https://www.linkedin.com/company/finger-lakes-community-health,Finger Lakes Community Health,1A_fqhc,FQHCs / Community Health Centers,community health center,201-500,"201-500 employees. Headquarters: Penn Yan, New York ... We are also part of the National Community Health Center program, offering comprehensive services.","site:linkedin.com/company/ ""community health center"" ""201-500""",9,2026-04-17T07:52:33Z,https://www.fingerlakes.org,ok,3
franklin-primary-health-center,https://www.linkedin.com/company/franklin-primary-health-center,"Franklin Primary Health Center, Inc.",1A_fqhc,FQHCs / Community Health Centers,federally qualified health center,201-500,"Franklin Primary Health Center, Inc. is a dynamic, non-profit, federally qualified health center with a profound impact on underserved communities in Alabama.","site:linkedin.com/company/ ""federally qualified health center"" ""201-500""",3,2026-04-17T07:53:53Z,https://www.lowermyrx.com,wrong_entity,3
fronterahealthcare,https://www.linkedin.com/company/fronterahealthcare,Frontera Healthcare,1A_fqhc,FQHCs / Community Health Centers,FQHC,Nov-50,"Frontera Healthcare | 564 followers on LinkedIn. Frontera Healthcare is a Federally Qualified Healthcare Center (FQHC) ... 11-50 employees. Headquarters: Menard, ...","site:linkedin.com/company/ ""FQHC"" ""11-50""",2,2026-04-17T07:54:28Z,https://fronterahealthcare.com,parking,3
generations-family-health-center,https://www.linkedin.com/company/generations-family-health-center,Generations Family Health Center,1A_fqhc,FQHCs / Community Health Centers,federally qualified health center,51-200,"(Generations) is a private, not-for-profit, regional Federally Qualified Health Center ... 51-200 employees. Headquarters: Willimantic ...","site:linkedin.com/company/ ""federally qualified health center"" ""51-200""",17,2026-04-17T07:53:32Z,https://generationsfamily.com,parking,3
great-mines-health-center,https://www.linkedin.com/company/great-mines-health-center,Great Mines Health Center,1A_fqhc,FQHCs / Community Health Centers,community health center,Nov-50,"Great Mines Health Center is a full service community health center in southeastern Missouri, offering medical and dental services. ... 11-50 pekerja. Ibu ...","site:linkedin.com/company/ ""community health center"" ""11-50""",19,2026-04-17T07:51:24Z,https://gmhcenter.org,ok,3
greater-meridian-clinic-inc,https://www.linkedin.com/company/greater-meridian-clinic-inc,"Greater Meridian Health Clinic, Inc.",1A_fqhc,FQHCs / Community Health Centers,federally qualified health center,51-200,"(GMHC, Inc.) is a non-profit, Federally Qualified Health Center (FQHC) ... 51-200 employees. Headquarters: Meridian, Mississippi. Type: Nonprofit. Founded ...","site:linkedin.com/company/ ""federally qualified health center"" ""51-200""",7,2026-04-17T07:53:20Z,,none,3
greater-valley-health-center,https://www.linkedin.com/company/greater-valley-health-center,Greater Valley Health Center,1A_fqhc,FQHCs / Community Health Centers,federally qualified health center,51-200,"... Federally Qualified Health Center, GVHC provides the highest quality of care ... 51-200 employees. Headquarters: Kalispell, Montana. Type: Nonprofit.","site:linkedin.com/company/ ""federally qualified health center"" ""51-200""",11,2026-04-17T07:53:25Z,https://greatervalleyhealth.org,ok,3
hhmhealth,https://www.linkedin.com/company/hhmhealth,HHM Health,1A_fqhc,FQHCs / Community Health Centers,FQHC,51-200,"As an FQHC (Federally Qualified Health Center) and a community ... 51-200 employees. Headquarters: Dallas, Texas. Type: Nonprofit. Founded ...","site:linkedin.com/company/ ""FQHC"" ""51-200""",13,2026-04-17T07:55:15Z,https://www.hhmhealth.org,ok,3
high-plains-community-health-center,https://www.linkedin.com/company/high-plains-community-health-center,HIGH PLAINS COMMUNITY HEALTH CENTER,1A_fqhc,FQHCs / Community Health Centers,community health center,51-200,HIGH PLAINS COMMUNITY HEALTH CENTER | 210 followers on LinkedIn. Our Family Serving Your Family | Here at High Plains Community Health Center ... 51-200 employees.,"site:linkedin.com/company/ ""community health center"" ""51-200""",7,2026-04-17T07:51:50Z,https://high-plains.org,ok,3
hometown-health-center,https://www.linkedin.com/company/hometown-health-center,HOMETOWN Health Center,1A_fqhc,FQHCs / Community Health Centers,federally qualified health center,51-200,"... Federally Qualified Health Center that offers medical services, dental ... 51-200 employees. Headquarters: Palmyra, Maine. Type: Nonprofit. Founded: 2003.","site:linkedin.com/company/ ""federally qualified health center"" ""51-200""",7,2026-04-17T07:53:20Z,https://hometownhealthcenter.org,ok,3
hyndman-area-health-center-inc.,https://www.linkedin.com/company/hyndman-area-health-center-inc.,"HYNDMAN AREA HEALTH CENTER, INC.",1A_fqhc,FQHCs / Community Health Centers,community health center,51-200,"51 - 200 çalışan. Genel Merkez: HYNDMAN, Pennsylvania. Türü: Kâr Amacı Gütmeyen ... BRANDON COMMUNITY HEALTH CENTER. Hastaneler ve Sağlık. Brandon, Florida ...","site:linkedin.com/company/ ""community health center"" ""51-200""",10,2026-04-17T07:51:53Z,,none,3
health-center-partners-of-southern-california,https://www.linkedin.com/company/health-center-partners-of-southern-california,Health Center Partners of Southern California,1A_fqhc,FQHCs / Community Health Centers,community health center,51-200,"51-200 pracowników. Siedziba główna: San Diego, California. Rodzaj: Organizacja ... Time is running out for Community Health Center (CHC) funding, and ...","site:linkedin.com/company/ ""community health center"" ""51-200""",1,2026-04-17T07:51:43Z,https://healthcenterpartnersofsoutherncalifornia.org,parking,3
health-choice-network,https://www.linkedin.com/company/health-choice-network,Health Choice Network,1A_fqhc,FQHCs / Community Health Centers,FQHC,51-200,"51–200 Beschäftigte. Hauptsitz: Doral, FL. Art: Nonprofit. Gegründet: 1994. Orte ... FQHC Advocate | Value Based Care |… Hier klicken, um Cindy L.s Profil ...","site:linkedin.com/company/ ""FQHC"" ""51-200""",3,2026-04-17T07:55:03Z,https://www.hcnetwork.org,ok,3
herald-christian-health-center,https://www.linkedin.com/company/herald-christian-health-center,Herald Christian Health Center,1A_fqhc,FQHCs / Community Health Centers,federally qualified health center,51-200,"... Federally Qualified Health Center (FQHC), we have been proven to provide the ... 51-200 employés. Siège social: ROSEMEAD, California. Type: Non lucratif.","site:linkedin.com/company/ ""federally qualified health center"" ""51-200""",3,2026-04-17T07:53:16Z,,none,3
dirne-community-health-center,https://www.linkedin.com/company/dirne-community-health-center,Heritage Health,1A_fqhc,FQHCs / Community Health Centers,community health center,201-500,"201-500 employees. Headquarters: Coeur d'Alene, Idaho. Type: Nonprofit. Founded: 1986. Specialties: Primary Care, Pediatrics, Dental Care, Mental Health, ...","site:linkedin.com/company/ ""community health center"" ""201-500""",14,2026-04-17T07:52:40Z,https://heritage-health.com,parking,3
high-country-community-health,https://www.linkedin.com/company/high-country-community-health,High Country Community Health,1A_fqhc,FQHCs / Community Health Centers,community health center,51-200,"... community health center with locations in Avery, Burke, and Watauga Counties ... 51–200 Beschäftigte. Hauptsitz: Boone, North Carolina. Art: Nonprofit.","site:linkedin.com/company/ ""community health center"" ""51-200""",11,2026-04-17T07:51:54Z,https://www.highcountrycommunityhealth.com,title_mismatch,3
hopehealthelliscounty,https://www.linkedin.com/company/hopehealthelliscounty,Hope Health Ellis County,1A_fqhc,FQHCs / Community Health Centers,federally qualified health center,51-200,"... Federally Qualified Health Center (FQHC). As an FQHC, we will see patients ... 51-200 employees. Headquarters: Waxahachie, Texas. Type: Nonprofit. Founded ...","site:linkedin.com/company/ ""federally qualified health center"" ""51-200""",18,2026-04-17T07:53:34Z,https://www.hope-health.org,wrong_entity,3
hurttfamilyhealthclinic,https://www.linkedin.com/company/hurttfamilyhealthclinic,Hurtt Family Health Clinic,1A_fqhc,FQHCs / Community Health Centers,federally qualified health center,51-200,"51-200 employees. Headquarters: Tustin, California. Type: Nonprofit. Founded: 2008 ... Federally Qualified Health Center, Walk In Appointments, Same Day ...","site:linkedin.com/company/ ""federally qualified health center"" ""51-200""",25,2026-04-17T07:53:44Z,,none,3
intercare-community-health,https://www.linkedin.com/company/intercare-community-health,InterCare Community Health Network,1A_fqhc,FQHCs / Community Health Centers,federally qualified health center,201-500,"... federally qualified health center dedicated to improving individual health ... 201-500 medarbejdere. Hovedkvarter: Bangor, Michigan. Type: Nonprofit.","site:linkedin.com/company/ ""federally qualified health center"" ""201-500""",11,2026-04-17T07:54:03Z,,none,3
jphsa,https://www.linkedin.com/company/jphsa,Jefferson Parish Human Services Authority,1A_fqhc,FQHCs / Community Health Centers,federally qualified health center,51-200,"51-200 employés. Siège social: Metairie, LA. Type: Administration publique ... Federally Qualified Health Center (FQHC) team. #JPHSA #JeffCare ...","site:linkedin.com/company/ ""federally qualified health center"" ""51-200""",26,2026-04-17T07:53:45Z,http://alixoh.com/fk?dat=JHNcO9qivCy0MsLeOIWZIn49fm9weFV5djBFcFZWU3czL0xDMWltRndCYXgraE5hMFE5ZkxSOXZ4Y1ExY2R3ZW16bFpvVlpydysvSzNqYzhIOUZpOXhyY2JuaTI3R0FKNkVpNDVJUHBuM05BUW1MOG5DejNFOGtobzBGN1o5R2k3TDlSMUdSL1NNeTUvdzJ0Ym43N1ZxRFdlYlFXN3lPNFJhQ1I0OWljZlhiVUxxKzVsaWN1bStBSFBxaE0zdFpMT09uK05SWXVQQ0pKUFUwWG5DZFQvVE55TjJPRVdQdndXK2tjdk5KTGY3RGVhR1FjWEZpYTZpSGFyUklLZ0ErUFFpVkRCS3RyOXcrM2FqNXFQZ3U5N2dpY0RPMERuQWFzU1g4dUdHbGhnUVJDY01vSHpxVkcwa01jTDZ4VnlWT1UxTGFhRVg4ZFF1OUxZNkYvTUFNMjZ3ZytGNFVsU2daYzFaTFFOYmVDSlVrYmhaZGVIVUd2dUFKUzE4VldjN1JkeFhuWmlKRUVtLzY3aHkzRVR5cTRUL2JldElzQmRVaWRXVDQvZGRaMjlkZklLOFQ0a293cHVva2V1RnBTVFA1MUo2U3ZlTk1Dd3FtelhWQ2Q2TmRVME1KSFFScEt3bEkwbG1nK0ZJSGxpSlRvcmNKVXBvMzFYWGM0WVVRRzdBPQ%3D%3D,thin_or_dead,3
kccare,https://www.linkedin.com/company/kccare,KC CARE Health Center,1A_fqhc,FQHCs / Community Health Centers,federally qualified health center,201-500,"One of the largest charitable community health clinics in the country, KC CARE became a Federally Qualified Health Center in 2015. ... 201-500 employees.","site:linkedin.com/company/ ""federally qualified health center"" ""201-500""",14,2026-04-17T07:54:07Z,http://www.kc-care.com,parking,3
kcs-inc,https://www.linkedin.com/company/kcs-inc,"KCS, Inc.",1A_fqhc,FQHCs / Community Health Centers,FQHC,51-200,"KCS, Inc. | 338 followers on LinkedIn. Rooted in Care. Built for Impact. | KCS Health Center is a Federally Qualified Health Center (FQHC) ... 51-200 employees.","site:linkedin.com/company/ ""FQHC"" ""51-200""",27,2026-04-17T07:55:34Z,https://kcs.org,parking,3
keystone-rural-health-center,https://www.linkedin.com/company/keystone-rural-health-center,Keystone Rural Health Center,1A_fqhc,FQHCs / Community Health Centers,community health center,Nov-50,"11-50 employees. Headquarters: Chambersburg, Pennsylvania. Locations. 1948 ... Winn Community Health Center, Inc. Show more similar pages. Show fewer ...","site:linkedin.com/company/ ""community health center"" ""11-50""",11,2026-04-17T07:51:14Z,https://www.keystoneruralhealth.com,ok,3
kingsley-rose,https://www.linkedin.com/company/kingsley-rose,Kingsley-Rose Executive Search,1A_fqhc,FQHCs / Community Health Centers,FQHC,Nov-50,"11–50 pracowników. Siedziba główna: Fishers, Indiana. Rodzaj: Spółka prywatna ... FQHC and/or CHC. VP of Sales – Healthcare Services & Technology: Selling ...","site:linkedin.com/company/ ""FQHC"" ""11-50""",10,2026-04-17T07:54:37Z,https://kes.org/kor,wrong_entity,3
koolauloa-health-center,https://www.linkedin.com/company/koolauloa-health-center,Ko`olauloa Health Center,1A_fqhc,FQHCs / Community Health Centers,community health center,Nov-50,The Ko`olauloa Health Center (KHC) is a highly-regarded comprehensive community health center serving O`ahu's east and north shore communities. ... 11-50 pekerja.,"site:linkedin.com/company/ ""community health center"" ""11-50""",22,2026-04-17T07:51:28Z,https://koolauloa.org,parking,3
laguna-medical-systems-inc-,https://www.linkedin.com/company/laguna-medical-systems-inc-,"Laguna Medical Systems, Inc.",1A_fqhc,FQHCs / Community Health Centers,FQHC,Nov-50,"... FQHC market. Our comprehensive suite of coding, coding compliance, and ... 11-50 employees. Headquarters: Tinley Park, IL. Type: Privately Held. Founded ...","site:linkedin.com/company/ ""FQHC"" ""11-50""",16,2026-04-17T07:54:45Z,https://lagunamedical.com,parking,3
lakeshore-community-health-care,https://www.linkedin.com/company/lakeshore-community-health-care,Lakeshore Community Health Care,1A_fqhc,FQHCs / Community Health Centers,community health center,51-200,"... community health center, we focus on preventive, holistic, and patient ... 51-200 employees. Headquarters: Sheboygan, Wisconsin. Type: Nonprofit. Founded ...","site:linkedin.com/company/ ""community health center"" ""51-200""",24,2026-04-17T07:52:11Z,https://lakeshorecommunity.org,title_mismatch,3
lamprey-health-care,https://www.linkedin.com/company/lamprey-health-care,Lamprey Health Care,1A_fqhc,FQHCs / Community Health Centers,community health center,51-200,"Lamprey Health Care is a Community Health Center with three locations in Southern New Hampshire. ... 51–200 Beschäftigte. Hauptsitz: Newmarket, New Hampshire.","site:linkedin.com/company/ ""community health center"" ""51-200""",3,2026-04-17T07:51:45Z,https://lampreyhealth.org,ok,3
laurel-health-centers,https://www.linkedin.com/company/laurel-health-centers,Laurel Health Centers,1A_fqhc,FQHCs / Community Health Centers,federally qualified health center,51-200,"Laurel Health Centers | 208 abonnés sur LinkedIn. Laurel Health is Federally Qualified Health Center ... 51-200 employés. Siège social: Mansfield, Pennsylvania.","site:linkedin.com/company/ ""federally qualified health center"" ""51-200""",2,2026-04-17T07:53:15Z,http://laurel-health.org,needs_review,3
lishcare,https://www.linkedin.com/company/lishcare,"Long Island Select Healthcare, Inc.",1A_fqhc,FQHCs / Community Health Centers,federally qualified health center,51-200,Long Island Select Healthcare Inc. is a comprehensive network of community health centers under a Federally Qualified Health Center model. ... 51-200 employés.,"site:linkedin.com/company/ ""federally qualified health center"" ""51-200""",7,2026-04-17T07:53:20Z,https://long-island.com,parking,3
maine-mobile-health-program,https://www.linkedin.com/company/maine-mobile-health-program,Maine Mobile Health Program,1A_fqhc,FQHCs / Community Health Centers,federally qualified health center,Nov-50,"This non-profit, federally qualified health center (FQHC) provides quality ... 11-50 employees. Headquarters: Augusta, Maine. Type: Nonprofit. Specialties ...","site:linkedin.com/company/ ""federally qualified health center"" ""11-50""",6,2026-04-17T07:53:08Z,https://mainemobile.org,ok,3
manet-community-health-center-inc-,https://www.linkedin.com/company/manet-community-health-center-inc-,"Manet Community Health Center, Inc.",1A_fqhc,FQHCs / Community Health Centers,community health center,201-500,"Externer Link zu Manet Community Health Center, Inc. Branche: Krankenhäuser und Gesundheitseinrichtungen. Größe: 201–500 Beschäftigte. Hauptsitz: North Quincy ...","site:linkedin.com/company/ ""community health center"" ""201-500""",7,2026-04-17T07:52:31Z,,none,3
manhattan-public-library,https://www.linkedin.com/company/manhattan-public-library,Manhattan Public Library,1A_fqhc,FQHCs / Community Health Centers,community health center,Nov-50,직원 11-50명. 본사: Kansas Manhattan. 유형: 비영리. 설립: 1856. 위치. 기본. 629 ... 비슷한 페이지. AllWays Community Health Center. 병원·보건. Kansas Atchison ...,"site:linkedin.com/company/ ""community health center"" ""11-50""",27,2026-04-17T07:51:36Z,https://mpl.org,ok,3
mat-su-health-services,https://www.linkedin.com/company/mat-su-health-services,Mat-Su Health Services,1A_fqhc,FQHCs / Community Health Centers,community health center,51-200,"Mat-Su Health Services | LinkedIn'de 170 takipçi We Are Your Community Health Center | Mat-Su Health Services, Inc. is a community health center ... 51 - 200 ...","site:linkedin.com/company/ ""community health center"" ""51-200""",7,2026-04-17T07:51:50Z,https://mhs.org/en-US,wrong_entity,3
metrocommunityhealthcenter,https://www.linkedin.com/company/metrocommunityhealthcenter,Metro Community Health Center,1A_fqhc,FQHCs / Community Health Centers,community health center,Nov-50,Website: https://metrocommunityhealthcenter.org/. External link for Metro Community Health Center ; Industry: Medical Practices ; Company size: 11-50 employees.,"site:linkedin.com/company/ ""community health center"" ""11-50""",1,2026-04-17T07:51:02Z,https://metrocommunityhealthcenter.org,title_mismatch,3
miami-beach-community-health-center,https://www.linkedin.com/company/miami-beach-community-health-center,Miami Beach Community Health Center,1A_fqhc,FQHCs / Community Health Centers,community health center,201-500,"Miami Beach Community Health Center | 354 followers on LinkedIn. MBCHC is a ... 201-500 employees. Headquarters: Miami, FL. Type: Nonprofit. Founded: 1977.","site:linkedin.com/company/ ""community health center"" ""201-500""",18,2026-04-17T07:52:45Z,http://miami-beach.org,ok_loc_only,3
minnie-jones-health-center,https://www.linkedin.com/company/minnie-jones-health-center,Minnie Jones Health Center,1A_fqhc,FQHCs / Community Health Centers,federally qualified health center,201-500,"Federally qualified health center serving 16,000 low-income, residents of WNC. ... 201-500 employees. Headquarters: Asheville, North Carolina. Type: Nonprofit.","site:linkedin.com/company/ ""federally qualified health center"" ""201-500""",5,2026-04-17T07:53:55Z,https://minniejones.com,ok,3
mobile-medical-care,https://www.linkedin.com/company/mobile-medical-care,"Mobile Medical Care, Inc.",1A_fqhc,FQHCs / Community Health Centers,federally qualified health center,51-200,"51-200 pekerja. Ibu pejabat: Bethesda, MD. Jenis: Kebajikan ... Primary Care, Medical Clinic, Healthcare, Nonprofit, Federally Qualified Health Center ...","site:linkedin.com/company/ ""federally qualified health center"" ""51-200""",6,2026-04-17T07:53:19Z,https://mobilemedicalcare.org,ok,3
moloka-i-community-health-center,https://www.linkedin.com/company/moloka-i-community-health-center,Moloka`i Community Health Center,1A_fqhc,FQHCs / Community Health Centers,federally qualified health center,Nov-50,"Molokai Ohana Health Care Inc. (MOHC), DBA Molokai Community Health Center, is the only federally qualified health center (FQHC) in the island of Molokai, ...","site:linkedin.com/company/ ""federally qualified health center"" ""11-50""",3,2026-04-17T07:53:05Z,https://www.molokai.org,ok,3
mpca-org,https://www.linkedin.com/company/mpca-org,Montana Primary Care Association,1A_fqhc,FQHCs / Community Health Centers,community health center,Nov-50,"11-50 employés. Siège social: Helena, MT. Type: Non lucratif. Lieux. Principal ... Idaho Community Health Center Association. Organisations à but non lucratif.","site:linkedin.com/company/ ""community health center"" ""11-50""",29,2026-04-17T07:51:38Z,,none,3
mountainlands-community-health,https://www.linkedin.com/company/mountainlands-community-health,"Mountainlands Community Health Center, Inc.",1A_fqhc,FQHCs / Community Health Centers,community health center,51-200,"Mountainlands Community Health Center, Inc. | 342 følgere på LinkedIn ... 51-200 medarbejdere. Hovedkvarter: Provo, UT. Type: Nonprofit. Beliggenheder.","site:linkedin.com/company/ ""community health center"" ""51-200""",9,2026-04-17T07:51:52Z,,none,3
muslim-community-&-health-center,https://www.linkedin.com/company/muslim-community-&-health-center,Muslim Community & Health Center,1A_fqhc,FQHCs / Community Health Centers,federally qualified health center,51-200,Muslim Community & Health Center | 在领英上有296 位关注者。Commitment to Community | MCHC is a Federally Qualified Health Center ... 51-200 人. 总部 ...,"site:linkedin.com/company/ ""federally qualified health center"" ""51-200""",27,2026-04-17T07:53:47Z,https://muslim-community.com,ok,3
native-health-phoenix,https://www.linkedin.com/company/native-health-phoenix,NATIVE HEALTH,1A_fqhc,FQHCs / Community Health Centers,community health center,51-200,NATIVE HEALTH | 2103 followers on LinkedIn. Healthy People in Healthy Communities. | The Native American Community Health Center ... 51-200 employees.,"site:linkedin.com/company/ ""community health center"" ""51-200""",17,2026-04-17T07:52:01Z,https://native-health.org,ok,3
nepa-community-health-care-fqhc,https://www.linkedin.com/company/nepa-community-health-care-fqhc,NEPA Community Health Care,1A_fqhc,FQHCs / Community Health Centers,FQHC,51-200,"51-200 employees. Headquarters: Montrose, Pennsylvania. Type: Nonprofit. Founded: 1983. Specialties: Family Medicine, Behavioral Health, Psychiatry, General ...","site:linkedin.com/company/ ""FQHC"" ""51-200""",9,2026-04-17T07:55:11Z,https://discovernepa.com/live-in-nepa/about-nepa,ok,3
neighborhealth-center-inc,https://www.linkedin.com/company/neighborhealth-center-inc,NeighborHealth Center,1A_fqhc,FQHCs / Community Health Centers,FQHC,51-200,"51-200 employees. Headquarters: Raleigh, North Carolina. Type ... #SpreadtheLove #FQHC #nonprofit #NeighborHealthCenter #passiton ...","site:linkedin.com/company/ ""FQHC"" ""51-200""",22,2026-04-17T07:55:27Z,https://neighborhealthcenter.org,ok,3
cincinnati-health-network-health-care-for-the-homeless,https://www.linkedin.com/company/cincinnati-health-network-health-care-for-the-homeless,NeighborHub Health,1A_fqhc,FQHCs / Community Health Centers,FQHC,Nov-50,"11-50 employees. Headquarters: Cincinnati, Ohio. Type: Nonprofit. Founded: 1986 ... Did you know Federally Qualified Community Health Centers (FQHC) serve ...","site:linkedin.com/company/ ""FQHC"" ""11-50""",8,2026-04-17T07:54:35Z,https://neighborhubhealth.org,ok,3
alexandria-neighborhood-health-services-inc.,https://www.linkedin.com/company/alexandria-neighborhood-health-services-inc.,Neighborhood Health,1A_fqhc,FQHCs / Community Health Centers,community health center,201-500,"201–500 Beschäftigte. Hauptsitz: Alexandria, Virginia. Art ... community health center patients. Thank you to the Gilead Sciences ...","site:linkedin.com/company/ ""community health center"" ""201-500""",17,2026-04-17T07:52:44Z,https://neighborhoodhealthtn.org,needs_review,3
neighborhoodhealth,https://www.linkedin.com/company/neighborhoodhealth,Neighborhood Health,1A_fqhc,FQHCs / Community Health Centers,federally qualified health center,51-200,"Neighborhood Health Services Corporation is a Federally Qualified Health Center (FQHC) that services over 22,000 people per year. ... 51-200 employees.","site:linkedin.com/company/ ""federally qualified health center"" ""51-200""",6,2026-04-17T07:53:19Z,https://neighborhoodhealthtn.org,ok,3
nbcommunityhealth,https://www.linkedin.com/company/nbcommunityhealth,New Bedford Community Health Center,1A_fqhc,FQHCs / Community Health Centers,community health center,201-500,"... community health center. For over 40 years, NBCH has been providing ... 201-500 employees. Headquarters: New Bedford, Massachusetts. Type: Nonprofit.","site:linkedin.com/company/ ""community health center"" ""201-500""",6,2026-04-17T07:52:30Z,https://newbedford.org,ok,3
north-carolina-medical-society,https://www.linkedin.com/company/north-carolina-medical-society,North Carolina Medical Society,1A_fqhc,FQHCs / Community Health Centers,community health center,Nov-50,11-50 人 ... Ehrler's appointment places a community health center physician on one of the state's most influential healthcare regulatory bodies.,"site:linkedin.com/company/ ""community health center"" ""11-50""",3,2026-04-17T07:51:04Z,https://northcarolinamedical.com,title_mismatch,3
north-country-children%27s-clinic-inc.,https://www.linkedin.com/company/north-country-children%27s-clinic-inc.,"North Country Children's Clinic, Inc.",1A_fqhc,FQHCs / Community Health Centers,federally qualified health center,51-200,"North Country Children's Clinic, Inc., is a Federally Qualified Health Center and Article 28, located in Northern New York. ... 51 - 200 zaměstnanců.","site:linkedin.com/company/ ""federally qualified health center"" ""51-200""",27,2026-04-17T07:53:47Z,http://north-country.com,parking,3
north-country-family-health-center,https://www.linkedin.com/company/north-country-family-health-center,North Country Family Health Center,1A_fqhc,FQHCs / Community Health Centers,community health center,51-200,"... Community Health Center, one of 1400 in the country. Community Health ... 51 - 200 medewerkers. Hoofdkantoor: WATERTOWN, New York. Type: Non-profit.","site:linkedin.com/company/ ""community health center"" ""51-200""",10,2026-04-17T07:51:53Z,http://north-country.com,parking,3
nschi,https://www.linkedin.com/company/nschi,North Shore Community Health,1A_fqhc,FQHCs / Community Health Centers,community health center,51-200,"51-200 employees. Headquarters: Salem, MA. Type: Nonprofit. Founded: 1987 ... Lynn Community Health Center. Hospitals and Health Care. Lynn ...","site:linkedin.com/company/ ""community health center"" ""51-200""",6,2026-04-17T07:51:48Z,https://northshorecommunity.org,parking,3
north-side-chrisitan-health-center,https://www.linkedin.com/company/north-side-chrisitan-health-center,North Side Christian Health Center,1A_fqhc,FQHCs / Community Health Centers,federally qualified health center,Nov-50,North Side Christian Health Center (NSCHC) is a Federally Qualified Health Center located on Pittsburgh's Northside. ... 11-50 employees. Headquarters ...,"site:linkedin.com/company/ ""federally qualified health center"" ""11-50""",4,2026-04-17T07:53:06Z,https://www.northsidechristian.org,ok,3
northland-health-centers,https://www.linkedin.com/company/northland-health-centers,Northland Health Centers,1A_fqhc,FQHCs / Community Health Centers,federally qualified health center,51-200,"Northland Health Centers is a Federally Qualified Health Center in the ... 51-200 employees. Headquarters: Turtle Lake, ND. Type: Nonprofit. Founded: 2003.","site:linkedin.com/company/ ""federally qualified health center"" ""51-200""",10,2026-04-17T07:53:24Z,https://northlandhealthcenters.org,needs_review,3
nw-avalanche-center,https://www.linkedin.com/company/nw-avalanche-center,Northwest Avalanche Center,1A_fqhc,FQHCs / Community Health Centers,community health center,Nov-50,직원 11-50명. 본사: Washington North Bend. 유형: 비영리. 설립: 1999. 전문 분야 ... Sunshine Community Health Center. 병원·보건. AK Talkeetna · Utah Avalanche ...,"site:linkedin.com/company/ ""community health center"" ""11-50""",20,2026-04-17T07:51:26Z,https://www.nac.org/site/home,wrong_entity,3
bighorn-valley-health-center-inc.,https://www.linkedin.com/company/bighorn-valley-health-center-inc.,One Health,1A_fqhc,FQHCs / Community Health Centers,community health center,201-500,"201-500 employees. Headquarters: HARDIN, Montana. Type: Nonprofit. Specialties ... Bighorn Valley Community Health Center. Lewistown, Montana. Atkinson Carpet.","site:linkedin.com/company/ ""community health center"" ""201-500""",12,2026-04-17T07:52:37Z,https://www.onwardandupward.org/one-health,needs_review,3
opsam,https://www.linkedin.com/company/opsam,OpSam Health,1A_fqhc,FQHCs / Community Health Centers,FQHC,51-200,"... (FQHC) that serves the San Diego County community. Founded in 1973 in a ... 51-200 employees. Headquarters: National City, CA. Type: Nonprofit. Founded: 1973.","site:linkedin.com/company/ ""FQHC"" ""51-200""",25,2026-04-17T07:55:31Z,,none,3
optimum-revenue-llc,https://www.linkedin.com/company/optimum-revenue-llc,Optimum Revenue LLC,1A_fqhc,FQHCs / Community Health Centers,FQHC,Nov-50,"11-50 employees. Headquarters: Phoenix, Arizona. Type: Privately Held. Founded ... FQHC #RuralHealthClinic #ImagingCenters #DiagnosticLabs ...","site:linkedin.com/company/ ""FQHC"" ""11-50""",12,2026-04-17T07:54:40Z,https://optimumrevenue.com,parking,3
oumahealth,https://www.linkedin.com/company/oumahealth,Ouma Health,1A_fqhc,FQHCs / Community Health Centers,FQHC,Nov-50,"11-50 employees. Headquarters: Austin, Texas. Type: Privately Held ... #TeleMFM #MaternalHealth #HealthEquity #Medicaid #FQHC #OBGYN # ...","site:linkedin.com/company/ ""FQHC"" ""11-50""",12,2026-04-17T07:54:40Z,https://oumahealth.com,needs_review,3
parsons-house-austin,https://www.linkedin.com/company/parsons-house-austin,Parsons House Austin,1A_fqhc,FQHCs / Community Health Centers,community health center,51-200,"51–200 Beschäftigte. Hauptsitz: Austin, TX. Art: Privatunternehmen. Gegründet: 1987. Spezialgebiete ... GATEWAY COMMUNITY HEALTH CENTER INC. Krankenhäuser und ...","site:linkedin.com/company/ ""community health center"" ""51-200""",16,2026-04-17T07:52:00Z,https://parsonshouseaustin.com,ok,3
peach-tree-healthcare,https://www.linkedin.com/company/peach-tree-healthcare,Peach Tree Healthcare,1A_fqhc,FQHCs / Community Health Centers,federally qualified health center,201-500,201-500 人. 总部: Marysville，CA. 类型: 非营利 ... Peach Tree Health is a growing Federally Qualified Health Center in the Sacramento Region.,"site:linkedin.com/company/ ""federally qualified health center"" ""201-500""",19,2026-04-17T07:54:13Z,https://peachtreehealthcare.com,parking,3
primaryplus,https://www.linkedin.com/company/primaryplus,PrimaryPlus,1A_fqhc,FQHCs / Community Health Centers,community health center,201-500,"201-500 pekerja. Ibu pejabat: Vanceburg, KY. Jenis: Kebajikan. Ditubuhkan: 1983 ... Bluegrass Community Health Center. Hospital dan Penjagaan Kesihatan.","site:linkedin.com/company/ ""community health center"" ""201-500""",28,2026-04-17T07:52:59Z,http://primaryplus.org,thin_or_dead,3
project-health-inc-dba-langley-health-services,https://www.linkedin.com/company/project-health-inc-dba-langley-health-services,Project Health Inc. dba Langley Health Services,1A_fqhc,FQHCs / Community Health Centers,federally qualified health center,201-500,"... Federally Qualified Health Center (FQHC) with seven sites for your ... 201-500 employees. Headquarters: Sumterville, Florida. Type: Nonprofit. Founded: 1974 ...","site:linkedin.com/company/ ""federally qualified health center"" ""201-500""",18,2026-04-17T07:54:12Z,https://project-health.org,wrong_entity,3
providertech-li,https://www.linkedin.com/company/providertech-li,Providertech,1A_fqhc,FQHCs / Community Health Centers,FQHC,Nov-50,"... (FQHC) to more efficiently manage chronic care patients and promote wellness ... 11-50 employees. Headquarters: Phoenix, AZ. Type: Privately Held. Locations.","site:linkedin.com/company/ ""FQHC"" ""11-50""",8,2026-04-17T07:54:35Z,https://providertech.org,parking,3
pueblo-community-health-center,https://www.linkedin.com/company/pueblo-community-health-center,"Pueblo Community Health Center, Inc.",1A_fqhc,FQHCs / Community Health Centers,community health center,201-500,"Pueblo Community Health Center, Inc. | 751 位LinkedIn 關注者。Your ... 201-500 名員工. 總部: PuebloColorado. 類型: 非營利組織. 創立時間: 1983. 地點. 主要.","site:linkedin.com/company/ ""community health center"" ""201-500""",22,2026-04-17T07:52:51Z,,none,3
rcm360,https://www.linkedin.com/company/rcm360,RCM360,1A_fqhc,FQHCs / Community Health Centers,FQHC,Nov-50,"11-50 employees. Headquarters: Dardenne Prairie, MO. Type: Privately Held ... Read: https://ow.ly/aH1P50YpchW #FQHC #RevenueCycleManagement #RCM. No ...","site:linkedin.com/company/ ""FQHC"" ""11-50""",9,2026-04-17T07:54:36Z,https://medtechsolutions.com/rcm360/?utm_source=redirect&utm_medium=old-site&utm_campaign=rcm360,needs_review,3
riverside-san-bernardino-county-indian-health-inc,https://www.linkedin.com/company/riverside-san-bernardino-county-indian-health-inc,RIVERSIDE-SAN BERNARDINO COUNTY INDIAN HEALTH INC,1A_fqhc,FQHCs / Community Health Centers,FQHC,201-500,"201-500 employees. Headquarters: Grand Terrace, California. Type: Nonprofit ... (FQHC). Hospitals and Health Care. Riverside, CA. Kaiser Permanente. Hospitals ...","site:linkedin.com/company/ ""FQHC"" ""201-500""",23,2026-04-17T07:56:07Z,,none,3
radianthealthcenters,https://www.linkedin.com/company/radianthealthcenters,Radiant Health Centers,1A_fqhc,FQHCs / Community Health Centers,FQHC,Nov-50,"11-50 employees. Headquarters: Irvine, CA. Type: Nonprofit. Founded: 1985 ... As an FQHC Look-Alike, we are committed to accessible care for all, regardless ...","site:linkedin.com/company/ ""FQHC"" ""11-50""",8,2026-04-17T07:54:35Z,https://www.radianthealthcenters.org,ok,3
regional-network-of-programs,https://www.linkedin.com/company/regional-network-of-programs,"Recovery Network of Programs, Inc.",1A_fqhc,FQHCs / Community Health Centers,community health center,201-500,"201–500 Beschäftigte. Hauptsitz: Shelton, CT. Art: Nonprofit. Gegründet: 1972. Orte ... Southwest Community Health Center. Krankenhäuser und ...","site:linkedin.com/company/ ""community health center"" ""201-500""",13,2026-04-17T07:52:38Z,https://recovery-network.com,parking,3
regency-medical-center,https://www.linkedin.com/company/regency-medical-center,Regency Medical Center,1A_fqhc,FQHCs / Community Health Centers,community health center,Nov-50,"11 - 50 çalışan. Genel Merkez: Palatine, Illinois. Konum. 782 W Euclid Ave ... Benzer sayfalar. Hope & Esperanza Community Health Center. Tıbbi Uygulamalar.","site:linkedin.com/company/ ""community health center"" ""11-50""",14,2026-04-17T07:51:18Z,https://www.regencymedicalcenter.net,title_mismatch,3
ruralmedicalservicesinc.,https://www.linkedin.com/company/ruralmedicalservicesinc.,"Rural Medical Services, Inc.",1A_fqhc,FQHCs / Community Health Centers,federally qualified health center,51-200,"... Federally Qualified Health Center with integrated ... RMS is a Federally Qualified Health Center ... 51–200 Beschäftigte. Hauptsitz: Newport, Tennessee.","site:linkedin.com/company/ ""federally qualified health center"" ""51-200""",3,2026-04-17T07:53:16Z,https://ruralmedicalservices.org,needs_review,3
ruscombe-mansion-community-health-center,https://www.linkedin.com/company/ruscombe-mansion-community-health-center,Ruscombe Mansion Community Health Center,1A_fqhc,FQHCs / Community Health Centers,community health center,Nov-50,"11-50 עובדים. משרדים ראשיים: Baltimore, MD. סוג: Nonprofit. הקמה: 1984. התמחויות. מיקומים. הראשי. 4801 Yellowwood Ave. Baltimore, MD 21209, US. קבלת הוראות הגעה.","site:linkedin.com/company/ ""community health center"" ""11-50""",23,2026-04-17T07:51:30Z,,none,3
sacopee-valley-health-center,https://www.linkedin.com/company/sacopee-valley-health-center,SACOPEE VALLEY HEALTH CENTER,1A_fqhc,FQHCs / Community Health Centers,FQHC,51-200,"... (FQHC) that is making a difference in people's lives, one caring interaction ... 51-200 employees. Headquarters: PORTER, Maine. Type: Nonprofit. Founded: 1976 ...","site:linkedin.com/company/ ""FQHC"" ""51-200""",11,2026-04-17T07:55:13Z,https://defining.com/buyerinquiries-html,wrong_entity,3
suny-oswego-prssa,https://www.linkedin.com/company/suny-oswego-prssa,SUNY Oswego PRSSA,1A_fqhc,FQHCs / Community Health Centers,community health center,Nov-50,"직원 11-50명. 본사: NY Oswego. 유형: 교육기관. 설립: 2001. 전문 분야: Communications ... Community Health Center of Buffalo, Inc. 병원·보건. New York Buffalo ...","site:linkedin.com/company/ ""community health center"" ""11-50""",20,2026-04-17T07:51:26Z,https://sop.org,wrong_entity,3
saban-community-clinic,https://www.linkedin.com/company/saban-community-clinic,Saban Community Clinic,1A_fqhc,FQHCs / Community Health Centers,FQHC,201-500,"... (FQHC) serving as the medical home for low-income and uninsured men, women ... 201-500 employees. Headquarters: Los Angeles, CA. Type: Nonprofit. Founded ...","site:linkedin.com/company/ ""FQHC"" ""201-500""",6,2026-04-17T07:55:46Z,https://www.sabancommunityclinic.org,ok,3
salud-para-la-gente,https://www.linkedin.com/company/salud-para-la-gente,Salud Para La Gente,1A_fqhc,FQHCs / Community Health Centers,FQHC,201-500,"... (FQHC) with thirteen service sites, including seven clinics, three school ... 201-500 employees. Headquarters: Watsonville, California. Type: Nonprofit.","site:linkedin.com/company/ ""FQHC"" ""201-500""",8,2026-04-17T07:55:48Z,https://splg.org,ok,3
sanfernandochc,https://www.linkedin.com/company/sanfernandochc,San Fernando Community Health Center,1A_fqhc,FQHCs / Community Health Centers,community health center,51-200,External link for San Fernando Community Health Center. Industry: Hospitals and Health Care. Company size: 51-200 employees. Headquarters: San Fernando ...,"site:linkedin.com/company/ ""community health center"" ""51-200""",2,2026-04-17T07:51:44Z,https://san-fernando.com,ok,3
san-francisco-health-plan,https://www.linkedin.com/company/san-francisco-health-plan,San Francisco Health Plan,1A_fqhc,FQHCs / Community Health Centers,community health center,201-500,"201–500 Beschäftigte. Hauptsitz: San Francisco, CA ... SFHP is proud to be Platinum Sponsors of San Francisco Community Health Center's Show of Hope Gala.","site:linkedin.com/company/ ""community health center"" ""201-500""",4,2026-04-17T07:52:28Z,https://sanfranciscohealthplan.com,ok,3
saviour-nest-solutions,https://www.linkedin.com/company/saviour-nest-solutions,Saviour Nest Solutions,1A_fqhc,FQHCs / Community Health Centers,FQHC,201-500,"201-500 employees. Headquarters: Riverside, California. Type: Privately Held ... Recent updates from CMS are reshaping FQHC billing, creating new revenue ...","site:linkedin.com/company/ ""FQHC"" ""201-500""",9,2026-04-17T07:55:49Z,https://saviournestsolutions.com,ok,3
mccloud-healthcare-clinic-inc-,https://www.linkedin.com/company/mccloud-healthcare-clinic-inc-,Shasta Cascade Health Centers,1A_fqhc,FQHCs / Community Health Centers,federally qualified health center,Nov-50,"11-50 empleyado. Headquarters: McCloud, CA. Uri: Nonprofit. Itinatag: 2000. Mga ... SCHC is a Federally Qualified Health Center serving the beautiful ...","site:linkedin.com/company/ ""federally qualified health center"" ""11-50""",4,2026-04-17T07:53:06Z,https://www.shastacascadehealth.org,title_mismatch,3
siskiyou-community-health-center,https://www.linkedin.com/company/siskiyou-community-health-center,Siskiyou Community Health Center,1A_fqhc,FQHCs / Community Health Centers,FQHC,201-500,"201-500 employees. Headquarters: Grants Pass, Oregon. Type: Nonprofit ... #Playgroup #HealthyFamilies #EarlyLearning #CaveJunction #SiskiyouCares #FQHC.","site:linkedin.com/company/ ""FQHC"" ""201-500""",7,2026-04-17T07:55:47Z,,none,3
snap-ehealth,https://www.linkedin.com/company/snap-ehealth,Snap eHealth,1A_fqhc,FQHCs / Community Health Centers,FQHC,Nov-50,"11-50 employees. Headquarters: Denver, CO. Type: Privately Held. Founded: 2020 ... FQHC/RHC telehealth billing flexibilities are extended through 2026 ...","site:linkedin.com/company/ ""FQHC"" ""11-50""",11,2026-04-17T07:54:39Z,https://snapehealth.com,ok,3
southeast-community-health-systems,https://www.linkedin.com/company/southeast-community-health-systems,Southeast Community Health Systems,1A_fqhc,FQHCs / Community Health Centers,federally qualified health center,51-200,Southeast Community Health Systems | 在领英上有460 位关注者。Southeast Community Health Systems is a federally qualified health center ... 51-200 人. 总部 ...,"site:linkedin.com/company/ ""federally qualified health center"" ""51-200""",2,2026-04-17T07:53:15Z,https://www.shchc.org,ok,3
sterling-health-solutions-inc,https://www.linkedin.com/company/sterling-health-solutions-inc,"Sterling Health Solutions, Inc.",1A_fqhc,FQHCs / Community Health Centers,federally qualified health center,51-200,"Sterling Health Solutions is a Federally Qualified Health Center (FQHC), headquartered in Mount Sterling, Kentucky. ... 51-200 pekerja. Ibu pejabat: Mount ...","site:linkedin.com/company/ ""federally qualified health center"" ""51-200""",16,2026-04-17T07:53:31Z,https://sterlinghealthsolutions.com,parking,3
stony-creek-community-health-center,https://www.linkedin.com/company/stony-creek-community-health-center,Stony Creek Community Health Center,1A_fqhc,FQHCs / Community Health Centers,community health center,Nov-50,11-50 pekerja. Jenis: Kebajikan. Lokasi. Utama. Dapatkan arah. Pekerja di Stony Creek Community Health Center. Klik di sini untuk melihat profil Lisa Carrier ...,"site:linkedin.com/company/ ""community health center"" ""11-50""",6,2026-04-17T07:51:08Z,https://www.stony-creek.com,ok,3
syracuse-community-health-center,https://www.linkedin.com/company/syracuse-community-health-center,Syracuse Community Health,1A_fqhc,FQHCs / Community Health Centers,community health center,51-200,"That's why Syracuse Community Health Center is now Syracuse Community Health ... 51-200 pekerja. Ibu pejabat: Syracuse, New York. Jenis: Kebajikan.","site:linkedin.com/company/ ""community health center"" ""51-200""",7,2026-04-17T07:51:50Z,https://syracusecommunityhealth.org,needs_review,3
texas-star-investments-inc,https://www.linkedin.com/company/texas-star-investments-inc,Texas Star Investments Inc,1A_fqhc,FQHCs / Community Health Centers,community health center,Nov-50,"11-50 עובדים. משרדים ראשיים: Corpus Christi, Texas. מיקומים. 14005 Park Rd 22 ... דפים דומים. Bridge Occupational Medicine. Medical Practices. ‏Portland‏, ‏Texas‏ ...","site:linkedin.com/company/ ""community health center"" ""11-50""",27,2026-04-17T07:51:36Z,https://texas-star.com,parking,3
cwwchc,https://www.linkedin.com/company/cwwchc,"The C. W. Williams Community Health Center, Inc.",1A_fqhc,FQHCs / Community Health Centers,community health center,51-200,"51-200 employees. Headquarters: Charlotte, North Carolina. Type: Public Company ... Community Health Center Main Clinic (3333 Wilkinson Blvd., Charlotte ...","site:linkedin.com/company/ ""community health center"" ""51-200""",19,2026-04-17T07:52:04Z,https://cwwilliams.org,ok,3
the-chc-alliance,https://www.linkedin.com/company/the-chc-alliance,The CHC Alliance,1A_fqhc,FQHCs / Community Health Centers,FQHC,Nov-50,"Specializing in CHC/FQHC Revenue Cycle Management, Credentialing, and Consulting. ... 11-50 employees. Headquarters: Ormond Beach, Florida. Type: Self-Employed.","site:linkedin.com/company/ ""FQHC"" ""11-50""",8,2026-04-17T07:54:35Z,https://chcalliance.org,needs_review,3
the-chappelle-group-corporation,https://www.linkedin.com/company/the-chappelle-group-corporation,"The Chappelle Group, Corporation",1A_fqhc,FQHCs / Community Health Centers,FQHC,Nov-50,"11-50 employés. Siège social: Greenbelt, Maryland. Type: Société civile/Société ... Optima FQHC Solutions. Hôpitaux et services de santé. Lakewood, New ...","site:linkedin.com/company/ ""FQHC"" ""11-50""",4,2026-04-17T07:54:30Z,,none,3
tcifiscal,https://www.linkedin.com/company/tcifiscal,The Commonwealth Institute for Fiscal Analysis,1A_fqhc,FQHCs / Community Health Centers,FQHC,Nov-50,"11-50 employees. Headquarters: Richmond, Virginia. Type: Nonprofit. Locations ... Cosmo Health Center, FQHC. Medical Practices. Norcross, Georgia · Prime ...","site:linkedin.com/company/ ""FQHC"" ""11-50""",24,2026-04-17T07:54:56Z,https://commonwealthinstitute.org,thin_or_dead,3
the-community-health-center,https://www.linkedin.com/company/the-community-health-center,The Community Health Center,1A_fqhc,FQHCs / Community Health Centers,community health center,201-500,"Secteur: Soins de santé mentale ; Taille de l'entreprise: 201-500 employés ; Type: Non lucratif ; Fondée en: 1974 ; Domaines: Alcohol and Drug Counseling, Women's ...","site:linkedin.com/company/ ""community health center"" ""201-500""",1,2026-04-17T07:52:25Z,https://communityhealthcenter.org,title_mismatch,3
tinkbird-healthcare-staffing,https://www.linkedin.com/company/tinkbird-healthcare-staffing,TinkBird Healthcare Staffing,1A_fqhc,FQHCs / Community Health Centers,FQHC,51-200,"51-200 karyawan. Kantor Pusat: Raleigh, NC North ... FQHC setting serving underserved communities in eastern North Carolina. ... FQHC serving underserved ...","site:linkedin.com/company/ ""FQHC"" ""51-200""",15,2026-04-17T07:55:18Z,https://www.ths.org,title_mismatch,3
titan-placement-group,https://www.linkedin.com/company/titan-placement-group,Titan Placement Group,1A_fqhc,FQHCs / Community Health Centers,FQHC,Nov-50,"11-50 employees. Headquarters: Sarasota, Florida. Type: Privately Held. Founded: 2022 ... FQHC, Surgery Center, Behavioral Health, Psychiatric, and Placement ...","site:linkedin.com/company/ ""FQHC"" ""11-50""",15,2026-04-17T07:54:43Z,https://www.titanplacementgroup.com,ok,3
tri-state-community-health-center,https://www.linkedin.com/company/tri-state-community-health-center,Tri State Community Health Center,1A_fqhc,FQHCs / Community Health Centers,community health center,51-200,"... Community Health Center is a federally qualifeid health center ... 51–200 ansatte. Hovedkontor: Hancock, MD. Type: Ideell organisasjon. Grunnlagt ...","site:linkedin.com/company/ ""community health center"" ""51-200""",9,2026-04-17T07:51:52Z,https://tristatecommunity.com,wrong_entity,3
tricountycommunityactionagency,https://www.linkedin.com/company/tricountycommunityactionagency,Tri-County Community Action Agency,1A_fqhc,FQHCs / Community Health Centers,FQHC,201-500,"... (FQHC) which provide primary medical, dental and behavioral health care. This ... 201-500 employees. Headquarters: Johnston, Rhode Island. Type: Nonprofit.","site:linkedin.com/company/ ""FQHC"" ""201-500""",12,2026-04-17T07:55:53Z,,none,3
tubman-center-for-health-and-freedom,https://www.linkedin.com/company/tubman-center-for-health-and-freedom,Tubman Center for Health and Freedom,1A_fqhc,FQHCs / Community Health Centers,federally qualified health center,Nov-50,The Tubman Center for Health & Freedom is currently slated to open its doors as a Federally Qualified Health Center ... 11-50 employees. Headquarters ...,"site:linkedin.com/company/ ""federally qualified health center"" ""11-50""",3,2026-04-17T07:53:05Z,,none,3
ucsf-alliance-health-project,https://www.linkedin.com/company/ucsf-alliance-health-project,UCSF Alliance Health Project,1A_fqhc,FQHCs / Community Health Centers,community health center,Nov-50,11-50 名員工. 總部: San FranciscoCalifornia. 類型: 非營利組織. 創立時間: 1984. 地點 ... San Francisco Community Health Center. 醫療保健. San FranciscoCalifornia ...,"site:linkedin.com/company/ ""community health center"" ""11-50""",18,2026-04-17T07:51:23Z,,none,3
vnacj-community-health-center,https://www.linkedin.com/company/vnacj-community-health-center,VNACJ Community Health Center,1A_fqhc,FQHCs / Community Health Centers,community health center,51-200,"VNACJ Community Health Center | 501 followers on LinkedIn. Affordable, Quality ... 51-200 employees. Headquarters: Asbury Park, New Jersey. Type: Nonprofit.","site:linkedin.com/company/ ""community health center"" ""51-200""",15,2026-04-17T07:51:59Z,,none,3
valley-oaks,https://www.linkedin.com/company/valley-oaks,Valley Oaks Health,1A_fqhc,FQHCs / Community Health Centers,FQHC,201-500,"201-500 employees. Headquarters: Lafayette, Indiana. Type: Nonprofit. Founded ... FQHC Look-Alikes from its proposed Medicaid 340B change. The 340B program ...","site:linkedin.com/company/ ""FQHC"" ""201-500""",9,2026-04-17T07:55:49Z,https://valleyoakshealth.net,thin_or_dead,3
valley-wide-health-systems-inc-,https://www.linkedin.com/company/valley-wide-health-systems-inc-,"Valley-Wide Health Systems, Inc.",1A_fqhc,FQHCs / Community Health Centers,community health center,201-500,직원 201-500명. 본사: CO Alamosa. 유형: 비영리. 설립: 1976. 전문 분야: Family ... HIGH PLAINS COMMUNITY HEALTH CENTER. 병원·보건. Colorado LAMAR · High Country ...,"site:linkedin.com/company/ ""community health center"" ""201-500""",26,2026-04-17T07:52:56Z,https://valley-widehealth.org,needs_review,3
waikiki-health-center,https://www.linkedin.com/company/waikiki-health-center,Waikiki Health,1A_fqhc,FQHCs / Community Health Centers,federally qualified health center,51-200,"Established in 1967, Waikiki Health (WH) is a non-profit 501(c)(3) Federally Qualified Health Center ... 51-200 employees. Headquarters: Honolulu, Hawaii.","site:linkedin.com/company/ ""federally qualified health center"" ""51-200""",7,2026-04-17T07:53:20Z,https://www.waikikihealth.org,title_mismatch,3
waimanalo-health-center,https://www.linkedin.com/company/waimanalo-health-center,Waimānalo Health Center,1A_fqhc,FQHCs / Community Health Centers,community health center,51-200,"51-200 employees. Headquarters: Waimanalo, Hawaii. Type: Public Company. Founded ... National Community Health Center Week 2025 is coming to a close and we ...","site:linkedin.com/company/ ""community health center"" ""51-200""",6,2026-04-17T07:51:48Z,,none,3
west-county-health-centers,https://www.linkedin.com/company/west-county-health-centers,West County Health Centers,1A_fqhc,FQHCs / Community Health Centers,federally qualified health center,201-500,"West County Health Centers is a 501(c)(3) non-profit, community-based Federally Qualified Health Center ... 201-500 employees. Headquarters: Sebastopol, CA.","site:linkedin.com/company/ ""federally qualified health center"" ""201-500""",10,2026-04-17T07:54:02Z,https://west-county.com,parking,3
whatley-health-services,https://www.linkedin.com/company/whatley-health-services,Whatley Health Services,1A_fqhc,FQHCs / Community Health Centers,community health center,51-200,"... Community Health Center with 13 sites in a 8 county service area servicing ... 51-200 employés. Siège social: Tuscaloosa, Alabama. Type: Non lucratif.","site:linkedin.com/company/ ""community health center"" ""51-200""",15,2026-04-17T07:51:59Z,https://whatleyhealth.org,ok,3
whitemountainhealth,https://www.linkedin.com/company/whitemountainhealth,White Mountain Community Health Center,1A_fqhc,FQHCs / Community Health Centers,community health center,Nov-50,"External link for White Mountain Community Health Center. Industry: Hospitals and Health Care. Company size: 11-50 employees. Headquarters: Conway, New ...","site:linkedin.com/company/ ""community health center"" ""11-50""",3,2026-04-17T07:51:04Z,https://www.whitemtn.com,needs_review,3
wilson-family-medicine,https://www.linkedin.com/company/wilson-family-medicine,Wilson Family Medicine,1A_fqhc,FQHCs / Community Health Centers,community health center,Nov-50,"... community health center in the panhandle of Florida in 1991. North Florida ... 11–50 Beschäftigte. Art: Personengesellschaft (OHG, KG, GbR etc ...","site:linkedin.com/company/ ""community health center"" ""11-50""",8,2026-04-17T07:51:11Z,https://wilsonfamilymedicine.com,wrong_entity,3
zufall-health-center,https://www.linkedin.com/company/zufall-health-center,Zufall Health,1A_fqhc,FQHCs / Community Health Centers,community health center,201-500,... community health center that provides access to quality and ... 201-500 名員工. 總部: DoverNew Jersey. 類型: 非營利組織. 創立時間: 1990. 專長 ...,"site:linkedin.com/company/ ""community health center"" ""201-500""",9,2026-04-17T07:52:33Z,https://www.zufallhealth.org,ok,3
alcona-health-center,https://www.linkedin.com/company/alcona-health-center,ALCONA HEALTH CENTER,1A_fqhc,FQHCs / Community Health Centers,federally qualified health center,201-500,"Alcona Health Center is a non-profit, Federally Qualified Health Center with locations throughout northern lower Michigan and the eastern UP. ... 201-500 名員工.","site:linkedin.com/company/ ""federally qualified health center"" ""201-500""",5,2026-04-17T07:53:55Z,https://alconahealthcenter.org,wrong_entity,2
aids-project-of-the-ozarks,https://www.linkedin.com/company/aids-project-of-the-ozarks,APO Community Health Center,1A_fqhc,FQHCs / Community Health Centers,community health center,51-200,"APO Community Health Center | 169 abonnés sur LinkedIn. APO is a ... 51-200 employés. Siège social: Springfield, Missouri. Type: Non lucratif. Fondée ...","site:linkedin.com/company/ ""community health center"" ""51-200""",19,2026-04-17T07:52:04Z,,none,2
aaron-e-henry-community-health-services-center-inc,https://www.linkedin.com/company/aaron-e-henry-community-health-services-center-inc,"Aaron E. Henry Community Health Services Center, Inc.",1A_fqhc,FQHCs / Community Health Centers,community health center,51-200,"51-200 employees. Headquarters: Clarksdale, MS. Type: Nonprofit. Founded ... Henry Community Health Center for the past 8 years, and just ...","site:linkedin.com/company/ ""community health center"" ""51-200""",13,2026-04-17T07:51:56Z,https://aarone.org,thin_or_dead,2
abra-marketing,https://www.linkedin.com/company/abra-marketing,Abra Marketing,1A_fqhc,FQHCs / Community Health Centers,FQHC,Nov-50,"11-50 employees. Headquarters: Santa Rosa, CA. Type: Privately Held. Founded: 1999 ... FQHC marketing. By leveraging local insights and targeted outreach ...","site:linkedin.com/company/ ""FQHC"" ""11-50""",6,2026-04-17T07:54:33Z,https://abramarketing.com,ok,2
accesshealthtx,https://www.linkedin.com/company/accesshealthtx,AccessHealth Community Health Center,1A_fqhc,FQHCs / Community Health Centers,community health center,201-500,"201-500 employees. Headquarters: Richmond, Texas. Type: Nonprofit. Founded: 1975. Specialties: Community Health Center, Family Medicine, Pediatric Care, Dental ...","site:linkedin.com/company/ ""community health center"" ""201-500""",16,2026-04-17T07:52:43Z,,none,2
alexander-valley-healthcare,https://www.linkedin.com/company/alexander-valley-healthcare,Alexander Valley Healthcare,1A_fqhc,FQHCs / Community Health Centers,federally qualified health center,51-200,"... federally qualified health center, which allows it to receive federal health ... 51 - 200 çalışan. Genel Merkez: Cloverdale, California. Türü: Kâr Amacı ...","site:linkedin.com/company/ ""federally qualified health center"" ""51-200""",1,2026-04-17T07:53:13Z,https://alexandervalleyhealthcare.org,needs_review,2
alliance-health-centers,https://www.linkedin.com/company/alliance-health-centers,Alliance Health Centers,1A_fqhc,FQHCs / Community Health Centers,FQHC,51-200,"51-200 employees. Headquarters: Fort Wayne, Indiana. Type: Nonprofit. Founded ... FQHC #CommunityHealth #HRSA #PrimaryCare #HealthEquity #IndianaHealthcare ...","site:linkedin.com/company/ ""FQHC"" ""51-200""",17,2026-04-17T07:55:21Z,https://alliance-health.org,needs_review,2
amoskeag-health,https://www.linkedin.com/company/amoskeag-health,Amoskeag Health,1A_fqhc,FQHCs / Community Health Centers,FQHC,201-500,"201-500 employees. Headquarters: Manchester, NH. Type: Nonprofit. Founded: 1993 ... FQHC. #HMSBioethics #bioethics #blog #rarediseases #pediatrics ...","site:linkedin.com/company/ ""FQHC"" ""201-500""",14,2026-04-17T07:55:55Z,https://www.amoskeaghealth.org,title_mismatch,2
angelsdiagnosticgroup,https://www.linkedin.com/company/angelsdiagnosticgroup,Angels Diagnostic Group,1A_fqhc,FQHCs / Community Health Centers,community health center,Nov-50,"11-50 עובדים. משרדים ראשיים: Miami. סוג: חברה ציבורית. מיקומים. הראשי. Miami, US ... דפים דומים. Angels Clinical Research Institute. Research Services. ‏Miami ...","site:linkedin.com/company/ ""community health center"" ""11-50""",26,2026-04-17T07:51:34Z,https://angelsdiagnostic.com,ok,2
apexusllc,https://www.linkedin.com/company/apexusllc,Apexus LLC,1A_fqhc,FQHCs / Community Health Centers,FQHC,51-200,"51-200 employés. Siège social: Irving, TX. Type: Société civile/Société ... FQHC 340B Compliance. Hôpitaux et services de santé. Lebanon, Tennessee · 340B ...","site:linkedin.com/company/ ""FQHC"" ""51-200""",14,2026-04-17T07:55:17Z,https://www.apexus.com,needs_review,2
azalliancechcs,https://www.linkedin.com/company/azalliancechcs,Arizona Alliance for Community Health Centers,1A_fqhc,FQHCs / Community Health Centers,community health center,Nov-50,"11-50 employees. Headquarters: Phoenix, Arizona. Type: Nonprofit. Founded: 1985 ... Community Health Center network. Beginning April 1, Elk Ridge Community ...","site:linkedin.com/company/ ""community health center"" ""11-50""",4,2026-04-17T07:51:05Z,https://aachc.org,wrong_entity,2
arvada-dental-center,https://www.linkedin.com/company/arvada-dental-center,Arvada Dental Center & Implants,1A_fqhc,FQHCs / Community Health Centers,community health center,Nov-50,"11-50 medarbejdere. Hovedkvarter: Arvada, Colorado. Type: Selvejende ... Konza Prairie Community Health Center. Hospitaler og sundhedspleje. Junction ...","site:linkedin.com/company/ ""community health center"" ""11-50""",19,2026-04-17T07:51:24Z,https://arvadadentalcenter.com,ok,2
association-for-utah-community-health,https://www.linkedin.com/company/association-for-utah-community-health,Association for Utah Community Health,1A_fqhc,FQHCs / Community Health Centers,community health center,Nov-50,"11–50 Beschäftigte. Hauptsitz: Salt Lake City, UT. Art: Nonprofit. Gegründet: 1985 ... Idaho Community Health Center Association. Gemeinnützige Organisationen.","site:linkedin.com/company/ ""community health center"" ""11-50""",7,2026-04-17T07:51:10Z,https://associationfor.com,needs_review,2
avivahealthor,https://www.linkedin.com/company/avivahealthor,Aviva Health,1A_fqhc,FQHCs / Community Health Centers,federally qualified health center,201-500,"Aviva Health, formerly known as Umpqua Community Health Center, is a Federally Qualified Health Center ... 201-500 employees. Headquarters: Roseburg, Oregon.","site:linkedin.com/company/ ""federally qualified health center"" ""201-500""",2,2026-04-17T07:53:52Z,https://www.avivahealth.com,bad_content,2
beverly-bootstraps,https://www.linkedin.com/company/beverly-bootstraps,Beverly Bootstraps,1A_fqhc,FQHCs / Community Health Centers,community health center,Nov-50,"11-50 employees. Headquarters: Beverly, Massachusetts. Type: Nonprofit. Founded ... Lynn Community Health Center. Hospitals and Health Care. Lynn ...","site:linkedin.com/company/ ""community health center"" ""11-50""",23,2026-04-17T07:51:30Z,https://beverlybootstraps.org,ok,2
brooklynplaza-medical-center-inc,https://www.linkedin.com/company/brooklynplaza-medical-center-inc,Brooklyn Plaza Medical Center Inc.,1A_fqhc,FQHCs / Community Health Centers,federally qualified health center,Nov-50,"With nearly 40 years of service, our licensed and federally Qualified Health Center ... 11-50 employees. Headquarters: Brooklyn, New York. Type: Public Company.","site:linkedin.com/company/ ""federally qualified health center"" ""11-50""",6,2026-04-17T07:53:08Z,https://www.brooklynplaza.org,ok_loc_only,2
bucksport-regional-health-ctr,https://www.linkedin.com/company/bucksport-regional-health-ctr,Bucksport Regional Health Center,1A_fqhc,FQHCs / Community Health Centers,federally qualified health center,51-200,"Bucksport Regional Health Center is a Federally Qualified Health Center and ... 51-200 employees. Headquarters: Bucksport, Maine. Type: Public Company.","site:linkedin.com/company/ ""federally qualified health center"" ""51-200""",11,2026-04-17T07:53:25Z,https://www.bucksportrhc.com,ok,2
bullhook-community-health-center,https://www.linkedin.com/company/bullhook-community-health-center,Bullhook Community Health Center,1A_fqhc,FQHCs / Community Health Centers,community health center,Nov-50,Lien externe pour Bullhook Community Health Center. Secteur: Services de bien-être et installations sportives. Taille de l'entreprise: 11-50 employés. Siège ...,"site:linkedin.com/company/ ""community health center"" ""11-50""",2,2026-04-17T07:51:03Z,,none,2
cascada-dental-spa,https://www.linkedin.com/company/cascada-dental-spa,CASCADA DENTAL SPA,1A_fqhc,FQHCs / Community Health Centers,community health center,Nov-50,"11-50 pekerja. Ibu pejabat: New York, NY. Jenis: Milik Persendirian. Pengkhususan ... Kennedy Community Health Center. Hospital dan Penjagaan Kesihatan.","site:linkedin.com/company/ ""community health center"" ""11-50""",9,2026-04-17T07:51:12Z,https://www.cascadadental.com,title_mismatch,2
center-for-health-education-medicine-and-dentistry,https://www.linkedin.com/company/center-for-health-education-medicine-and-dentistry,CHEMED Health,1A_fqhc,FQHCs / Community Health Centers,federally qualified health center,201-500,... Federally Qualified Health Center (FQHC) that services its patients as a ... 社員 201-500名. 本社: Lakewood、NJ. 種類: 非営利団体. 創立: 2007. 場所. プライマリ.,"site:linkedin.com/company/ ""federally qualified health center"" ""201-500""",17,2026-04-17T07:54:10Z,https://www.chemedhealth.org,ok,2
caf%c3%a9-nola,https://www.linkedin.com/company/caf%c3%a9-nola,Campanella & Associates,1A_fqhc,FQHCs / Community Health Centers,FQHC,Nov-50,"... FQHC's, Pharmacies, and Clinics. Our client's have saved over thousands in ... 11-50 employees. Type: Partnership. Founded: 2019. Employees at Campanella ...","site:linkedin.com/company/ ""FQHC"" ""11-50""",14,2026-04-17T07:54:42Z,,none,2
caremessage,https://www.linkedin.com/company/caremessage,CareMessage,1A_fqhc,FQHCs / Community Health Centers,community health center,51-200,51-200 karyawan ... CareMessage is proud to sponsor this gathering of community health center leaders and advocates working to expand access to ...,"site:linkedin.com/company/ ""community health center"" ""51-200""",23,2026-04-17T07:52:10Z,https://www.caremessage.org,ok,2
carolina-family-health-centers,https://www.linkedin.com/company/carolina-family-health-centers,"Carolina Family Health Centers, Inc.",1A_fqhc,FQHCs / Community Health Centers,community health center,51-200,51-200 名員工. 總部: WilsonNorth Carolina. 類型: 非營利組織. 創立時間: 1994 ... Freedom Hill Community Health Center - Tuesdays & Fridays – 1:30 to 4:00 ...,"site:linkedin.com/company/ ""community health center"" ""51-200""",27,2026-04-17T07:52:16Z,https://carolinafamily.org,ok,2
ceneviahealthbusinessservices,https://www.linkedin.com/company/ceneviahealthbusinessservices,Cenevia - Health Business Services,1A_fqhc,FQHCs / Community Health Centers,FQHC,201-500,"... (FQHC), private practices, hospitals, managed care organizations, and ... 201-500 employés. Siège social: Henrico, Virginia. Type: Partenariat. Fondée en ...","site:linkedin.com/company/ ""FQHC"" ""201-500""",2,2026-04-17T07:55:41Z,,none,2
center-street-community-health-center,https://www.linkedin.com/company/center-street-community-health-center,Center Street Community Health Center,1A_fqhc,FQHCs / Community Health Centers,community health center,Nov-50,"Center Street Community Health Center | 126 følgere på LinkedIn. We are a patient ... 11–50 ansatte. Hovedkontor: Marion, Ohio. Type: Ideell organisasjon.","site:linkedin.com/company/ ""community health center"" ""11-50""",26,2026-04-17T07:51:34Z,https://csca.com,needs_review,2
centralcityhealth,https://www.linkedin.com/company/centralcityhealth,Central City Health,1A_fqhc,FQHCs / Community Health Centers,FQHC,51-200,"CCIH is a Federally Qualified Health Center (FQHC), As a FQHC, CCIH has ... 51-200 employees. Headquarters: Detroit, Michigan. Type: Nonprofit. Founded: 1971.","site:linkedin.com/company/ ""FQHC"" ""51-200""",13,2026-04-17T07:55:15Z,https://centralcityhealth.org,needs_review,2
charles-drew-health-center-inc-cdhc-,https://www.linkedin.com/company/charles-drew-health-center-inc-cdhc-,"Charles Drew Health Center, Inc.",1A_fqhc,FQHCs / Community Health Centers,community health center,51-200,"... community health center in 1983. Since then, Charles Drew Health Center's ... 51-200 employees. Headquarters: Omaha, NE. Type: Nonprofit. Founded: 1983.","site:linkedin.com/company/ ""community health center"" ""51-200""",8,2026-04-17T07:51:51Z,https://charlesdrew.com,ok,2
cscla,https://www.linkedin.com/company/cscla,Chinatown Service Center 華埠服務中心,1A_fqhc,FQHCs / Community Health Centers,FQHC,201-500,"201-500 employees. Headquarters: Los Angeles, California. Type: Nonprofit ... FQHC—and speaks to Dr. Kwok's dedication to patient care. This milestone also ...","site:linkedin.com/company/ ""FQHC"" ""201-500""",23,2026-04-17T07:56:07Z,https://csc.org,wrong_entity,2
chiricahua-community-health-centers-inc.,https://www.linkedin.com/company/chiricahua-community-health-centers-inc.,"Chiricahua Community Health Centers, Inc.",1A_fqhc,FQHCs / Community Health Centers,community health center,201-500,"201-500 employés. Siège social: Douglas, Arizona. Type: Non lucratif ... Community Health Center and Clinton Kuntz, Jonathan Melk MD FAAP ...","site:linkedin.com/company/ ""community health center"" ""201-500""",5,2026-04-17T07:52:29Z,https://chiricahuacommunityhealthcenters.org,needs_review,2
choptank-community-health-system,https://www.linkedin.com/company/choptank-community-health-system,Choptank Community Health System,1A_fqhc,FQHCs / Community Health Centers,community health center,201-500,"... community health center focused on providing primary medical and dental ... 201-500 employees. Headquarters: Denton, Maryland. Type: Nonprofit. Founded: 1980 ...","site:linkedin.com/company/ ""community health center"" ""201-500""",7,2026-04-17T07:52:31Z,,none,2
christian-community-health-center,https://www.linkedin.com/company/christian-community-health-center,Christian Community Health Center,1A_fqhc,FQHCs / Community Health Centers,community health center,51-200,"Externer Link zu Christian Community Health Center. Branche: Krankenhäuser und Gesundheitseinrichtungen. Größe: 51–200 Beschäftigte. Hauptsitz: Chicago, ...","site:linkedin.com/company/ ""community health center"" ""51-200""",2,2026-04-17T07:51:44Z,https://christian-community.org,ok,2
christopher-rural-health-planning-corp-,https://www.linkedin.com/company/christopher-rural-health-planning-corp-,Christopher Rural Health Planning Corporation,1A_fqhc,FQHCs / Community Health Centers,community health center,201-500,201-500 名員工. 總部: ChristopherIL. 類型: 非營利組織. 創立時間: 1979. 專長: Community Health Center、Dental Clinic、Medical Clinic、Behavioral Health、 ...,"site:linkedin.com/company/ ""community health center"" ""201-500""",13,2026-04-17T07:52:38Z,,none,2
clinicaromero,https://www.linkedin.com/company/clinicaromero,Clínica Monseñor Oscar A. Romero,1A_fqhc,FQHCs / Community Health Centers,community health center,201-500,"201–500 Beschäftigte. Hauptsitz: Los Angeles, CA. Art: Nonprofit. Gegründet ... Via Care Community Health Center. Krankenhäuser und Gesundheitseinrichtungen.","site:linkedin.com/company/ ""community health center"" ""201-500""",2,2026-04-17T07:52:26Z,,none,2
ccchc,https://www.linkedin.com/company/ccchc,Coal Country Community Health Center,1A_fqhc,FQHCs / Community Health Centers,community health center,51-200,关于我们. Coal Country Community Health Center is a local non-profit rural community health center ... 51-200 人. 总部: Beulah，North Dakota. 类型: 非营利机构 ...,"site:linkedin.com/company/ ""community health center"" ""51-200""",11,2026-04-17T07:51:54Z,https://coalcountry.org,title_mismatch,2
codman-square-health-center,https://www.linkedin.com/company/codman-square-health-center,Codman Square Health Center,1A_fqhc,FQHCs / Community Health Centers,community health center,201-500,"201-500 employees. Headquarters: Dorchester, MA. Type: Nonprofit. Founded ... Community Health Center, Behavioral Health, Mental Health, HIV ...","site:linkedin.com/company/ ""community health center"" ""201-500""",13,2026-04-17T07:52:38Z,https://www.hugedomains.com/domain_profile.cfm?d=codmansquare.com,parking,2
community-access-network,https://www.linkedin.com/company/community-access-network,Community Access Network,1A_fqhc,FQHCs / Community Health Centers,community health center,Nov-50,11-50 人. 总部: Lynchburg，VA. 类型: 非营利机构. 创立: 2015. 领域: Community Health Center、Primary Care、Behavioral Health和Social Services. 地点. 主要. 700 ...,"site:linkedin.com/company/ ""community health center"" ""11-50""",7,2026-04-17T07:51:10Z,https://www.communityaccessnetwork.org,ok,2
community-clinic-of-maui-inc,https://www.linkedin.com/company/community-clinic-of-maui-inc,"Community Clinic of Maui, Inc.",1A_fqhc,FQHCs / Community Health Centers,FQHC,51-200,"... FQHC, 1 of 13 in HI. | We are a proud member of the national Community ... 51-200 employees. Headquarters: Wailuku, Hawaii. Type: Nonprofit. Founded: 1993.","site:linkedin.com/company/ ""FQHC"" ""51-200""",12,2026-04-17T07:55:14Z,http://community-clinic.com,thin_or_dead,2
community-clinical-services,https://www.linkedin.com/company/community-clinical-services,Community Clinical Services,1A_fqhc,FQHCs / Community Health Centers,FQHC,51-200,"51-200 employees. Headquarters: Lewiston, Maine. Type: Nonprofit. Founded ... FQHC Executive Director/Chief Financial… Click here to view Wendy Frayer's ...","site:linkedin.com/company/ ""FQHC"" ""51-200""",13,2026-04-17T07:55:15Z,https://www.communityclinicalservices.org,ok,2
community-health-center-of-central-missouri,https://www.linkedin.com/company/community-health-center-of-central-missouri,Community Health Center of Central Missouri,1A_fqhc,FQHCs / Community Health Centers,community health center,51-200,Website: http://www.chccmo.org/. External link for Community Health Center of Central Missouri ; Industry: Hospitals and Health Care ; Company size: 51-200 ...,"site:linkedin.com/company/ ""community health center"" ""51-200""",1,2026-04-17T07:51:43Z,https://communityhealthcenter.org,wrong_entity,2
community-health-center-of-central-wyoming,https://www.linkedin.com/company/community-health-center-of-central-wyoming,Community Health Center of Central Wyoming,1A_fqhc,FQHCs / Community Health Centers,community health center,51-200,"Community Health Center of Central Wyoming | 394 followers on LinkedIn ... 51-200 employees. Headquarters: Casper, Wyoming. Type: Nonprofit. Founded: 1999.","site:linkedin.com/company/ ""community health center"" ""51-200""",7,2026-04-17T07:51:50Z,https://communityhealthcenter.org,wrong_entity,2
community-health-center-of-franklin-county,https://www.linkedin.com/company/community-health-center-of-franklin-county,Community Health Center of Franklin County,1A_fqhc,FQHCs / Community Health Centers,community health center,51-200,"51-200 de angajați. Sediu: Greenfield, Massachusetts. Tip: Non-profit. Înființată: 1997. Locații. Principal. 102 Main St. Greenfield, Massachusetts 01301, US.","site:linkedin.com/company/ ""community health center"" ""51-200""",20,2026-04-17T07:52:05Z,https://communityhealthcenter.org,wrong_entity,2
community-health-partnership-of-illinois-chp,https://www.linkedin.com/company/community-health-partnership-of-illinois-chp,Community Health Partnership of Illinois (CHP),1A_fqhc,FQHCs / Community Health Centers,community health center,51-200,"51-200 employees. Headquarters: Chicago, IL. Type: Nonprofit. Founded: 1991. Specialties: Health Care, Medical Care, Dental Care, Behavioral Health, Community ...","site:linkedin.com/company/ ""community health center"" ""51-200""",9,2026-04-17T07:51:52Z,https://tenchifresh.com/gallery.html,title_mismatch,2
chsiclinics,https://www.linkedin.com/company/chsiclinics,Community Health Service Inc.,1A_fqhc,FQHCs / Community Health Centers,federally qualified health center,51-200,"51-200 employees ... Similar pages. Open Cities Health Center. Hospitals and Health Care. St Paul, Minnesota. Federally Qualified Health Center Unified Health ...","site:linkedin.com/company/ ""federally qualified health center"" ""51-200""",20,2026-04-17T07:53:36Z,https://communityhealthservice.org,parking,2
community-healthcore,https://www.linkedin.com/company/community-healthcore,Community Healthcore,1A_fqhc,FQHCs / Community Health Centers,federally qualified health center,201-500,"... Federally Qualified Health Center under CORE Health Systems, it is both an ... 201-500 employees. Headquarters: Longview, Texas. Type: Nonprofit. Founded ...","site:linkedin.com/company/ ""federally qualified health center"" ""201-500""",23,2026-04-17T07:54:18Z,https://communityhealthcore.org,thin_or_dead,2
community-link-consulting,https://www.linkedin.com/company/community-link-consulting,Community Link Consulting,1A_fqhc,FQHCs / Community Health Centers,FQHC,51-200,"51-200 employees. Headquarters: Otis Orchards, WA. Type: Privately Held ... FQHC, Community Health Centers, 340B, FTCA, OSV Prep, Policy Development ...","site:linkedin.com/company/ ""FQHC"" ""51-200""",21,2026-04-17T07:55:26Z,https://www.communitylinkconsulting.com,ok,2
comtrea,https://www.linkedin.com/company/comtrea,Community Treatment Inc. (COMTREA),1A_fqhc,FQHCs / Community Health Centers,federally qualified health center,201-500,"... Federally Qualified Health Center providing primary care, dental care, and ... 201-500 employees. Headquarters: Festus, MO. Type: Nonprofit. Founded: 1973 ...","site:linkedin.com/company/ ""federally qualified health center"" ""201-500""",22,2026-04-17T07:54:17Z,https://communitytreatment.com,parking,2
university-of-minnesota-community-university-health-care-center,https://www.linkedin.com/company/university-of-minnesota-community-university-health-care-center,Community-University Health Care Center (UMN),1A_fqhc,FQHCs / Community Health Centers,federally qualified health center,201-500,"... federally qualified health center and also a department within the ... 201-500 employees. Headquarters: Minneapolis , MInnesota. Type: Government Agency.","site:linkedin.com/company/ ""federally qualified health center"" ""201-500""",13,2026-04-17T07:54:05Z,,none,2
cooeyhealth,https://www.linkedin.com/company/cooeyhealth,Cooey Health,1A_fqhc,FQHCs / Community Health Centers,FQHC,Nov-50,"11-50 employees. Headquarters: Sunnyvale, CA. Type: Privately Held ... FQHC, Medicare, Medicaid, RPM, CCM, BHI, HIPAA, and Gen AI. Locations.","site:linkedin.com/company/ ""FQHC"" ""11-50""",14,2026-04-17T07:54:42Z,https://cooeyhealth.com,needs_review,2
coos-county-family-health-services,https://www.linkedin.com/company/coos-county-family-health-services,Coos County Family Health Services,1A_fqhc,FQHCs / Community Health Centers,community health center,51-200,"Funding: Federal Government (330 Community Health Center Grant), State of ... 51-200 employés. Siège social: Berlin, NH. Type: Non lucratif. Fondée en: 1974.","site:linkedin.com/company/ ""community health center"" ""51-200""",12,2026-04-17T07:51:55Z,https://cooscounty.org,parking,2
creek-valley-health-clinic,https://www.linkedin.com/company/creek-valley-health-clinic,Creek Valley Health Clinic,1A_fqhc,FQHCs / Community Health Centers,community health center,Nov-50,"11-50 employees. Headquarters: Colorado City, Arizona. Type: Nonprofit. Locations ... Community Health Center of Yavapai. Hospitals and Health Care. Prescott ...","site:linkedin.com/company/ ""community health center"" ""11-50""",12,2026-04-17T07:51:15Z,,none,2
crescentcare,https://www.linkedin.com/company/crescentcare,CrescentCare,1A_fqhc,FQHCs / Community Health Centers,community health center,201-500,"201-500 pekerja. Ibu pejabat: New Orleans, Louisiana. Jenis: Kebajikan ... Laman yang serupa. St. Thomas Community Health Center. Amalan Perubatan. New ...","site:linkedin.com/company/ ""community health center"" ""201-500""",29,2026-04-17T07:53:00Z,https://www.crescentcare.org,ok,2
dwl-architects---planners-inc,https://www.linkedin.com/company/dwl-architects---planners-inc,"DWL Architects + Planners, Inc.",1A_fqhc,FQHCs / Community Health Centers,community health center,51-200,"51–200 ansatte. Hovedkontor: Phoenix, Arizona. Type: Privateid selskap. Grunnlagt: 1949. Spesialiteter: Architecture, Master Planning, Programming, Facilities ...","site:linkedin.com/company/ ""community health center"" ""51-200""",8,2026-04-17T07:51:51Z,https://dwlarchitects.org,title_mismatch,2
dogwood-health-trust,https://www.linkedin.com/company/dogwood-health-trust,Dogwood Health Trust,1A_fqhc,FQHCs / Community Health Centers,FQHC,Nov-50,11-50 人. 总部: Asheville，North Carolina. 类型: 非营利机构. 创立: 2018. 地点. 主要. 890 Hendersonville Road. Suite 300. US，North Carolina，Asheville，28803. 获取 ...,"site:linkedin.com/company/ ""FQHC"" ""11-50""",6,2026-04-17T07:54:33Z,https://dogwoodhealthtrust.org,ok,2
eagle-view-community-health-system,https://www.linkedin.com/company/eagle-view-community-health-system,Eagle View Community Health System,1A_fqhc,FQHCs / Community Health Centers,federally qualified health center,Nov-50,"... Federally Qualified Health Center (FQHC) based out of Oquawka, Illinois with ... 11-50 employees. Headquarters: Oquawka, IL. Type: Nonprofit. Locations.","site:linkedin.com/company/ ""federally qualified health center"" ""11-50""",2,2026-04-17T07:53:04Z,https://eagleviewcommunity.com,parking,2
ehchs,https://www.linkedin.com/company/ehchs,"East Harlem Council for Human Services, Inc.",1A_fqhc,FQHCs / Community Health Centers,FQHC,51-200,"51-200 employees. Headquarters: New York, New York. Type: Nonprofit. Founded: 1965 ... Any reduction in FQHC funding would have immediate and lasting consequences ...","site:linkedin.com/company/ ""FQHC"" ""51-200""",12,2026-04-17T07:55:14Z,https://east-harlem.com,ok,2
elfhcc,https://www.linkedin.com/company/elfhcc,East Liberty Family Health Care Center,1A_fqhc,FQHCs / Community Health Centers,FQHC,51-200,"... (FQHC) which means we are a community-based nonprofit organization that ... 51-200 employees. Headquarters: Pittsburgh, Pennsylvania. Type: Nonprofit.","site:linkedin.com/company/ ""FQHC"" ""51-200""",7,2026-04-17T07:55:08Z,https://www.eastliberty.org,ok,2
eastern-aleutian-tribes,https://www.linkedin.com/company/eastern-aleutian-tribes,Eastern Aleutian Tribes,1A_fqhc,FQHCs / Community Health Centers,community health center,51-200,직원 51-200명. 본사: Alaska Anchorage. 유형: 비영리. 설립: 1991. 전문 분야: Primary ... Adak Community Health Center. PO Box 2105. US Alaska Adak 99546. 길 보기.,"site:linkedin.com/company/ ""community health center"" ""51-200""",21,2026-04-17T07:52:07Z,https://www.eat.org,wrong_entity,2
el-dorado-community-health-center,https://www.linkedin.com/company/el-dorado-community-health-center,El Dorado Community Health Centers,1A_fqhc,FQHCs / Community Health Centers,community health center,51-200,"51–200 Beschäftigte. Hauptsitz: Placerville, CA. Art: Nonprofit. Gegründet: 2003. Spezialgebiete: Primary Care, Dental und Behavioral Health. Orte. Primär.","site:linkedin.com/company/ ""community health center"" ""51-200""",1,2026-04-17T07:51:43Z,https://www.hugedomains.com/domain_profile.cfm?d=eldoradocommunity.com,parking,2
elementcare,https://www.linkedin.com/company/elementcare,Element Care PACE,1A_fqhc,FQHCs / Community Health Centers,community health center,201-500,"201–500 Beschäftigte. Hauptsitz: Lynn, Massachusetts. Art: Nonprofit. Gegründet ... Lynn Community Health Center. Krankenhäuser und Gesundheitseinrichtungen.","site:linkedin.com/company/ ""community health center"" ""201-500""",2,2026-04-17T07:52:26Z,https://www.element-care.com,title_mismatch,2
erimish,https://www.linkedin.com/company/erimish,Erimish,1A_fqhc,FQHCs / Community Health Centers,community health center,Nov-50,직원 11-50명. 본사: Missouri Joplin. 유형: 상장기업. 설립: 2013. 위치. 기본. 5399 MO-43. US Missouri Joplin. 길 보기. Erimish 직원. Sarah Fretwell님의 프로필을 ...,"site:linkedin.com/company/ ""community health center"" ""11-50""",16,2026-04-17T07:51:21Z,https://www.erimish.com,title_mismatch,2
evergreen-physical-therapy,https://www.linkedin.com/company/evergreen-physical-therapy,Evergreen Physical Therapy,1A_fqhc,FQHCs / Community Health Centers,community health center,Nov-50,"11–50 Beschäftigte. Hauptsitz: Harrison, Michigan. Art: Personengesellschaft (OHG, KG, GbR etc ... Konza Prairie Community Health Center. Krankenhäuser und ...","site:linkedin.com/company/ ""community health center"" ""11-50""",23,2026-04-17T07:51:30Z,https://ept.org,parking,2
eyecare-consultants,https://www.linkedin.com/company/eyecare-consultants,Eyecare Consultants,1A_fqhc,FQHCs / Community Health Centers,FQHC,Nov-50,"11–50 anställda. Huvudkontor: Scottsdale, Arizona. Adresser. 15033 N Thompson ... (FQHC). Sjukhus och hälsovård. Riverside, CA. EyeCare Partners. Sjukhus och ...","site:linkedin.com/company/ ""FQHC"" ""11-50""",26,2026-04-17T07:54:59Z,https://www.eyecare-consultants.net,ok,2
fqhcit,https://www.linkedin.com/company/fqhcit,FQHC IT,1A_fqhc,FQHCs / Community Health Centers,FQHC,Nov-50,"11-50 employees. Headquarters: Miami, FL. Type: Privately Held. Founded: 2022. Locations. Primary. Miami, FL 33169, US. Get directions. Employees at FQHC IT.","site:linkedin.com/company/ ""FQHC"" ""11-50""",1,2026-04-17T07:54:27Z,https://fqhcit.org,needs_review,2
families-together-inc.,https://www.linkedin.com/company/families-together-inc.,"Families Together, Inc.",1A_fqhc,FQHCs / Community Health Centers,community health center,Nov-50,"Bransje: Ideelle organisasjoner. Bedriftsstørrelse: 11–50 ansatte. Hovedkontor: Topeka, Kansas.","site:linkedin.com/company/ ""community health center"" ""11-50""",2,2026-04-17T07:51:03Z,https://families-together.org,parking,2
family-circle-of-care,https://www.linkedin.com/company/family-circle-of-care,Family Circle of Care,1A_fqhc,FQHCs / Community Health Centers,FQHC,51-200,"... FQHC) in our service area since 2013. FCC's clinics are in tracts ... 51-200 employees. Headquarters: Tyler, Texas. Type: Nonprofit. Founded ...","site:linkedin.com/company/ ""FQHC"" ""51-200""",28,2026-04-17T07:55:35Z,https://family-circle.org,parking,2
family-health-care,https://www.linkedin.com/company/family-health-care,Family Health Care,1A_fqhc,FQHCs / Community Health Centers,FQHC,201-500,"201-500 employees. Headquarters: Baldwin, Michigan. Type: Nonprofit. Founded: 1967 ... FQHC #Michigan. No alternative text description for this image. View ...","site:linkedin.com/company/ ""FQHC"" ""201-500""",22,2026-04-17T07:56:05Z,https://www.hugedomains.com/domain_profile.cfm?d=family-health-care.com,parking,2
familyhconline,https://www.linkedin.com/company/familyhconline,Family Health Clinic,1A_fqhc,FQHCs / Community Health Centers,federally qualified health center,51-200,"... Federally Qualified Health Center that is affiliated with Purdue University ... 51-200 employees. Headquarters: Delphi, Indiana. Type: Nonprofit. Founded ...","site:linkedin.com/company/ ""federally qualified health center"" ""51-200""",10,2026-04-17T07:53:24Z,https://familyhealthclinic.com,parking,2
family-health-services-of-darke-county,https://www.linkedin.com/company/family-health-services-of-darke-county,Family Health Services of Darke County,1A_fqhc,FQHCs / Community Health Centers,FQHC,51-200,"51-200 employees. Headquarters: Greenville, Ohio. Type: Nonprofit. Locations ... Ph from an ACPE-accredited school of pharmacy Active Ohio pharmacist license (in ...","site:linkedin.com/company/ ""FQHC"" ""51-200""",12,2026-04-17T07:55:14Z,https://familyhealthservices.org,ok,2
first-care-clinic,https://www.linkedin.com/company/first-care-clinic,First Care Clinic,1A_fqhc,FQHCs / Community Health Centers,federally qualified health center,Nov-50,"We are a 501(c)(3) Nonprofit Federally Qualified Health Center providing healthcare services for people of all ages, regardless of the patient's ability to ...","site:linkedin.com/company/ ""federally qualified health center"" ""11-50""",1,2026-04-17T07:53:03Z,https://www.first-care-clinic.com,ok,2
first-choice-community-healthcare,https://www.linkedin.com/company/first-choice-community-healthcare,First Choice Community Healthcare,1A_fqhc,FQHCs / Community Health Centers,community health center,201-500,"201–500 ansatte. Hovedkontor: Albuquerque, NM. Type: Ideell organisasjon ... FIRST CHOICE COMMUNITY HEALTH CENTER. Sykehus og helsetjenester. Lillington ...","site:linkedin.com/company/ ""community health center"" ""201-500""",22,2026-04-17T07:52:51Z,https://firstchoicecommunityhealthcare.com,parking,2
foodandcareut,https://www.linkedin.com/company/foodandcareut,Food and Care Coalition,1A_fqhc,FQHCs / Community Health Centers,community health center,Nov-50,"... Community Health Center to additionally provide on-site mental health ... 11-50 employés. Siège social: Provo, Utah. Type: Non lucratif. Fondée en: 1988 ...","site:linkedin.com/company/ ""community health center"" ""11-50""",6,2026-04-17T07:51:08Z,https://foodandcare.org,ok,2
fort-worth-heart-p-a,https://www.linkedin.com/company/fort-worth-heart-p-a,"Fort Worth Heart, P.A.",1A_fqhc,FQHCs / Community Health Centers,community health center,51-200,"51-200 pekerja. Ibu pejabat: Fort Worth, Texas. Jenis: Perkongsian. Ditubuhkan ... Laman yang serupa. North Texas Area Community Health Center, Inc. Amalan ...","site:linkedin.com/company/ ""community health center"" ""51-200""",15,2026-04-17T07:51:59Z,https://fortworthheart.com,ok,2
foundcare-inc.,https://www.linkedin.com/company/foundcare-inc.,"FoundCare, Inc.",1A_fqhc,FQHCs / Community Health Centers,community health center,201-500,201-500 人. 总部: West Palm Beach，Florida. 类型: 非营利机构. 创立: 1985. 地点. 主要 ... Miami Beach Community Health Center. 医院和医疗保健. Miami，FL. Broward ...,"site:linkedin.com/company/ ""community health center"" ""201-500""",8,2026-04-17T07:52:32Z,https://foundcare.org,ok,2
four-rivers-community-health-center,https://www.linkedin.com/company/four-rivers-community-health-center,Four Rivers Community Health Center,1A_fqhc,FQHCs / Community Health Centers,FQHC,51-200,"51-200 employees. Headquarters: Rolla, Missouri. Type: Nonprofit. Specialties: General Dentistry, Primary Medical Care, Pediatric Medical, Pediatric Dental ...","site:linkedin.com/company/ ""FQHC"" ""51-200""",27,2026-04-17T07:55:34Z,https://www.four-rivers.org,ok,2
gateway-chc-laredo,https://www.linkedin.com/company/gateway-chc-laredo,GATEWAY COMMUNITY HEALTH CENTER INC,1A_fqhc,FQHCs / Community Health Centers,community health center,201-500,"GATEWAY COMMUNITY HEALTH CENTER INC | 695 followers on LinkedIn. To ... 201-500 employees. Headquarters: LAREDO, Texas. Type: Nonprofit.","site:linkedin.com/company/ ""community health center"" ""201-500""",7,2026-04-17T07:52:31Z,https://gatewaycommunityhealth.com,parking,2
genesis-community-health,https://www.linkedin.com/company/genesis-community-health,Genesis Community Health,1A_fqhc,FQHCs / Community Health Centers,community health center,Nov-50,"11-50 karyawan. Kantor Pusat: Boynton Beach, Florida. Jenis: Nirlaba. Tahun ... Miami Beach Community Health Center. Rumah Sakit dan Pelayanan Kesehatan.","site:linkedin.com/company/ ""community health center"" ""11-50""",16,2026-04-17T07:51:21Z,https://genesiscommunityhealth.com,needs_review,2
gfh,https://www.linkedin.com/company/gfh,Genesis Family Health,1A_fqhc,FQHCs / Community Health Centers,community health center,51-200,직원 51-200명. 본사: Kansas Garden City. 유형: 비영리. 설립: 1974. 전문 분야: Dental ... 비슷한 페이지. HIGH PLAINS COMMUNITY HEALTH CENTER. 병원·보건. Colorado ...,"site:linkedin.com/company/ ""community health center"" ""51-200""",9,2026-04-17T07:51:52Z,https://www.genesisfamilyhealth.org,title_mismatch,2
georgiamountainshealth,https://www.linkedin.com/company/georgiamountainshealth,"Georgia Mountains Health Services, Inc.",1A_fqhc,FQHCs / Community Health Centers,FQHC,51-200,"FQHC providing primary health, dental and behavioral health care services to ... 51-200 employés. Siège social: Blue Ridge, Georgia. Type: Non lucratif.","site:linkedin.com/company/ ""FQHC"" ""51-200""",15,2026-04-17T07:55:18Z,https://www.georgiamountains.org,ok_loc_only,2
georgia-primary-care-association,https://www.linkedin.com/company/georgia-primary-care-association,Georgia Primary Care Association,1A_fqhc,FQHCs / Community Health Centers,FQHC,Nov-50,"... FQHC organizations with a total of 330 clinics ... Our team collaborates with FQHC members to ... 11-50 employés. Siège social: Decatur, GA. Type ...","site:linkedin.com/company/ ""FQHC"" ""11-50""",2,2026-04-17T07:54:28Z,https://georgiaprimary.com,ok,2
good-neighbor-health-clinic,https://www.linkedin.com/company/good-neighbor-health-clinic,Good Neighbor Health Clinics,1A_fqhc,FQHCs / Community Health Centers,federally qualified health center,Nov-50,"11-50 employees. Headquarters: White ... After graduation, Sara even hopes to provide dental care at another free clinic or Federally Qualified Health Center ...","site:linkedin.com/company/ ""federally qualified health center"" ""11-50""",4,2026-04-17T07:53:06Z,https://www.hugedomains.com/domain_profile.cfm?d=good-neighbor.com,parking,2
gulf-coast-health-center-inc-,https://www.linkedin.com/company/gulf-coast-health-center-inc-,"Gulf Coast Health Center, Inc.",1A_fqhc,FQHCs / Community Health Centers,federally qualified health center,51-200,"Gulf Coast Health Center, Inc. is a private, non-profit, Federally Qualified Health Center (FQHC). ... 51–200 anställda. Huvudkontor: Port Arthur, Texas. Typ ...","site:linkedin.com/company/ ""federally qualified health center"" ""51-200""",9,2026-04-17T07:53:23Z,https://gulfcoasthealth.org,parking,2
hrdi,https://www.linkedin.com/company/hrdi,HRDI,1A_fqhc,FQHCs / Community Health Centers,community health center,201-500,"201-500 medarbejdere. Hovedkvarter: Chicago, Illinois. Type: Nonprofit. Grundlagt ... community health center in Chicago's Back of the Yards neighborhood. …","site:linkedin.com/company/ ""community health center"" ""201-500""",29,2026-04-17T07:53:00Z,https://www.hrdi.org,needs_review,2
hamiltonhealthcenter,https://www.linkedin.com/company/hamiltonhealthcenter,Hamilton Health Center,1A_fqhc,FQHCs / Community Health Centers,federally qualified health center,201-500,... Federally Qualified Health Center (FQHC) in ... Hamilton Health Center is the only Federally Qualified Health Center ... 201-500 medarbejdere. Hovedkvarter ...,"site:linkedin.com/company/ ""federally qualified health center"" ""201-500""",13,2026-04-17T07:54:05Z,https://www.hamiltonhealthcenter.com,ok,2
hard-rock-hotel-&-casino-sioux-city,https://www.linkedin.com/company/hard-rock-hotel-&-casino-sioux-city,Hard Rock Hotel & Casino Sioux City,1A_fqhc,FQHCs / Community Health Centers,community health center,201-500,"201-500 עובדים. משרדים ראשיים: Sioux City, IA. סוג: בבעלות פרטית. התמחויות ... Community Health Center and Data Business Equipment, Inc. אין תיאור טקסט ...","site:linkedin.com/company/ ""community health center"" ""201-500""",24,2026-04-17T07:52:54Z,http://hard-rock-hotel.com,title_mismatch,2
hawaii-island-community-health-center,https://www.linkedin.com/company/hawaii-island-community-health-center,Hawai'i Island Community Health Center,1A_fqhc,FQHCs / Community Health Centers,federally qualified health center,201-500,"... federally qualified health center, serving the diverse communities of Hawai'i Island. We provide medical, dental, and behavioral health care ...","site:linkedin.com/company/ ""federally qualified health center"" ""201-500""",22,2026-04-17T07:54:17Z,https://hawaiiislandcommunityhealthcenter.org,thin_or_dead,2
hitcare,https://www.linkedin.com/company/hitcare,Health Information Technology Care LLC.,1A_fqhc,FQHCs / Community Health Centers,FQHC,Nov-50,"... FQHC's, RHC's, CHC's, Public Hospitals, and medical practices using NextGen ... 11-50 employees. Headquarters: Petaluma, CA. Type: Privately Held. Founded ...","site:linkedin.com/company/ ""FQHC"" ""11-50""",15,2026-04-17T07:54:43Z,https://health-information.com,needs_review,2
health-note,https://www.linkedin.com/company/health-note,Health Note,1A_fqhc,FQHCs / Community Health Centers,FQHC,Nov-50,"11-50 employees. Headquarters: San Francisco, California. Type ... FQHC #CommunityHealthCenters #PatientSatisfaction #HealthcareInnovation # ...","site:linkedin.com/company/ ""FQHC"" ""11-50""",13,2026-04-17T07:54:41Z,https://www.hugedomains.com/domain_profile.cfm?d=health-note.com,parking,2
healthworks---wyoming,https://www.linkedin.com/company/healthworks---wyoming,HealthWorks - Cheyenne Wyoming,1A_fqhc,FQHCs / Community Health Centers,federally qualified health center,Nov-50,"Federally Qualified Health Center in Cheyenne Wyoming. We provide primary ... 11-50 pekerja. Ibu pejabat: Cheyenne, WY. Jenis: Kebajikan. Lokasi. Utama. 2508 ...","site:linkedin.com/company/ ""federally qualified health center"" ""11-50""",5,2026-04-17T07:53:07Z,,none,2
heartlandhealthservices-centralillinois,https://www.linkedin.com/company/heartlandhealthservices-centralillinois,Heartland Health Services - Central Illinois,1A_fqhc,FQHCs / Community Health Centers,federally qualified health center,51-200,"... Federally Qualified Health Center (FQHC), we are dedicated to serving the ... 51-200 employees. Headquarters: Peoria, IL. Type: Nonprofit. Specialties ...","site:linkedin.com/company/ ""federally qualified health center"" ""51-200""",10,2026-04-17T07:53:24Z,https://www.gentivahs.com,title_mismatch,2
henry-j-austin-health-center,https://www.linkedin.com/company/henry-j-austin-health-center,Henry J. Austin Health Center,1A_fqhc,FQHCs / Community Health Centers,federally qualified health center,51-200,"HJAHC is a Federally Qualified Health Center (FQHC). FQHC is a federal ... 51-200 pekerja. Ibu pejabat: Trenton, NJ. Jenis: Kebajikan. Ditubuhkan: 1986 ...","site:linkedin.com/company/ ""federally qualified health center"" ""51-200""",11,2026-04-17T07:53:25Z,https://henryjaustin.org,ok,2
home-guardian,https://www.linkedin.com/company/home-guardian,Home Guardian,1A_fqhc,FQHCs / Community Health Centers,community health center,Nov-50,"11 - 50 zaměstnanců. Ústředí: Chicago, Illinois. Typ: Soukromá společnost ... Podobné stránky. San Diego Community Health Center. Nemocnice a zdravotnictví.","site:linkedin.com/company/ ""community health center"" ""11-50""",14,2026-04-17T07:51:18Z,https://home-guardian.org,parking,2
inland-behavioral-and-health-services-inc,https://www.linkedin.com/company/inland-behavioral-and-health-services-inc,INLAND BEHAVIORAL AND HEALTH SERVICES INC,1A_fqhc,FQHCs / Community Health Centers,community health center,51-200,51-200 人. 总部: SN BERNRDNO，California. 类型: 非营利机构. 创立: 1978. 领域: Family ... INLAND FAMILY COMMUNITY HEALTH CENTER. 医院和医疗保健. San Bernardino ...,"site:linkedin.com/company/ ""community health center"" ""51-200""",14,2026-04-17T07:51:58Z,,none,2
itohealth,https://www.linkedin.com/company/itohealth,"ITO Health, PBC",1A_fqhc,FQHCs / Community Health Centers,FQHC,Nov-50,"11-50 employees. Headquarters: Providence, Rhode Island. Type: Privately Held ... in Washington, D.C. At the time, FMCS was applying for FQHC look-alike status.","site:linkedin.com/company/ ""FQHC"" ""11-50""",6,2026-04-17T07:54:33Z,https://ito-health.com,thin_or_dead,2
iberia-comprehensive-comm-hlth,https://www.linkedin.com/company/iberia-comprehensive-comm-hlth,Iberia Comprehensive Community Health Center,1A_fqhc,FQHCs / Community Health Centers,federally qualified health center,51-200,"Iberia Comprehensive Community Health Center is a non-profit, Federally-Qualified Health Center ... 51-200 medarbejdere. Hovedkvarter: New ...","site:linkedin.com/company/ ""federally qualified health center"" ""51-200""",28,2026-04-17T07:53:49Z,,none,2
ignite-healthcare-solutions,https://www.linkedin.com/company/ignite-healthcare-solutions,Ignite Healthcare Solutions,1A_fqhc,FQHCs / Community Health Centers,FQHC,Nov-50,"11-50 employees. Headquarters: Scottsdale, Arizona. Type: Privately Held. Founded: 2022. Specialties: FQHC, Multi-Specialty, VBC, OBGYN, Telehealth, Behavioral ...","site:linkedin.com/company/ ""FQHC"" ""11-50""",10,2026-04-17T07:54:37Z,https://ignitehs.com,ok,2
indian-health-center,https://www.linkedin.com/company/indian-health-center,Indian Health Center,1A_fqhc,FQHCs / Community Health Centers,community health center,51-200,"51–200 anställda. Huvudkontor: San Jose, CA. Typ: Ideell organisation. Adresser ... San Diego Community Health Center. Sjukhus och hälsovård. San Diego, CA ...","site:linkedin.com/company/ ""community health center"" ""51-200""",27,2026-04-17T07:52:16Z,https://indianhealthcenter.org,needs_review,2
indiana-primary-health-care-association,https://www.linkedin.com/company/indiana-primary-health-care-association,Indiana Primary Health Care Association,1A_fqhc,FQHCs / Community Health Centers,community health center,Nov-50,"The Community Health Center model, to which the consumer's voice is integral ... 11-50 employés. Siège social: Indianapolis, Indiana. Type: Non lucratif.","site:linkedin.com/company/ ""community health center"" ""11-50""",4,2026-04-17T07:51:05Z,,none,2
integrity-placement-group,https://www.linkedin.com/company/integrity-placement-group,Integrity Placement Group,1A_fqhc,FQHCs / Community Health Centers,FQHC,Nov-50,"11-50 employees. Headquarters: Sarasota, Florida. Type: Partnership. Founded: 2017 ... FQHC, Addiction Medicine, Mental Health, Behavioral Health, Hospice ...","site:linkedin.com/company/ ""FQHC"" ""11-50""",21,2026-04-17T07:54:52Z,https://integrityplacementgroup.org,parking,2
invisiondiagnostics,https://www.linkedin.com/company/invisiondiagnostics,Invision Diagnostics,1A_fqhc,FQHCs / Community Health Centers,community health center,Nov-50,"... community health center. We bring state-of-the art 3D mammography close to ... 11–50 Beschäftigte. Hauptsitz: Charlotte, North Carolina. Art ...","site:linkedin.com/company/ ""community health center"" ""11-50""",29,2026-04-17T07:51:38Z,https://invision-diagnostics.com,ok,2
isaiah-house-treatment-center,https://www.linkedin.com/company/isaiah-house-treatment-center,Isaiah House Treatment Center,1A_fqhc,FQHCs / Community Health Centers,community health center,201-500,"... Community Health Center – Lexington More Than Treatment: A Path to a New ... 201-500 empleyado. Headquarters: Harrodsburg, Kentucky. Uri: Nonprofit.","site:linkedin.com/company/ ""community health center"" ""201-500""",29,2026-04-17T07:53:00Z,https://isaiah-house.org,ok,2
johnson-health-center-the,https://www.linkedin.com/company/johnson-health-center-the,Johnson Health Center,1A_fqhc,FQHCs / Community Health Centers,federally qualified health center,51-200,"... Federally Qualified Health Center serving Lynchburg and the counties of ... 51-200 employees. Headquarters: Lynchburg, Virginia. Type: Nonprofit.","site:linkedin.com/company/ ""federally qualified health center"" ""51-200""",4,2026-04-17T07:53:17Z,http://johnson-health.com,parking,2
ksl-billing---management,https://www.linkedin.com/company/ksl-billing---management,KSL Billing + Management,1A_fqhc,FQHCs / Community Health Centers,FQHC,Nov-50,"11–50 anställda. Huvudkontor: Saint Louis, MO. Typ: Privatägt företag. Grundat ... FQHC Account Manager. Se alla anställda. Liknande sidor. The Caring Group ...","site:linkedin.com/company/ ""FQHC"" ""11-50""",21,2026-04-17T07:54:52Z,https://www.forgeforward.org,title_mismatch,2
kenosha-county-health-dept,https://www.linkedin.com/company/kenosha-county-health-dept,Kenosha County Health Dept,1A_fqhc,FQHCs / Community Health Centers,community health center,Nov-50,"직원 11-50명. 본사: WI Kenosha. 위치. 기본. 8600 Sheridan Rd. US WI Kenosha 53143 ... Pillar Health, a Division of Kenosha Community Health Center. 공중 보건.","site:linkedin.com/company/ ""community health center"" ""11-50""",30,2026-04-17T07:51:39Z,https://www.kenoshacountywi.gov,ok,2
ky-pca,https://www.linkedin.com/company/ky-pca,Kentucky Primary Care Association,1A_fqhc,FQHCs / Community Health Centers,community health center,Nov-50,"11-50 employees. Headquarters: Frankfort, Kentucky. Type ... Curious how new ADA website accessibility requirements will impact your Community Health Center?","site:linkedin.com/company/ ""community health center"" ""11-50""",24,2026-04-17T07:51:31Z,https://kentuckyprimarycare.com,parking,2
kchc,https://www.linkedin.com/company/kchc,"Kinston Community Health Center, Inc.",1A_fqhc,FQHCs / Community Health Centers,community health center,51-200,"Kinston Community Health Center, Inc. | 215 followers on LinkedIn. A ... 51-200 employees. Headquarters: Kinston, NC. Type: Nonprofit. Founded: 1993.","site:linkedin.com/company/ ""community health center"" ""51-200""",6,2026-04-17T07:51:48Z,,none,2
klingberg-family-centers,https://www.linkedin.com/company/klingberg-family-centers,Klingberg Family Centers,1A_fqhc,FQHCs / Community Health Centers,community health center,201-500,"201-500 nhân viên. Trụ sở: New Britain, CT. Loại hình: Phi lợi nhuận. Thành lập ... Community Health Center. Hospitals and Health Care. Middletown, CT. Our ...","site:linkedin.com/company/ ""community health center"" ""201-500""",26,2026-04-17T07:52:56Z,https://kfc.org,title_mismatch,2
kokua-kalihi-valley-dev,https://www.linkedin.com/company/kokua-kalihi-valley-dev,Kokua Kalihi Valley,1A_fqhc,FQHCs / Community Health Centers,federally qualified health center,51-200,Kokua Kalihi Valley Comprehensive Family Services is a Federally Qualified Health Center with 200 personnel and nine sites. ... 51–200 anställda.,"site:linkedin.com/company/ ""federally qualified health center"" ""51-200""",22,2026-04-17T07:53:40Z,http://kkv.org,wrong_entity,2
kpchc,https://www.linkedin.com/company/kpchc,Konza Prairie Community Health Center,1A_fqhc,FQHCs / Community Health Centers,community health center,51-200,Website: http://www.kpchc.org. External link for Konza Prairie Community Health Center ; Industry: Hospitals and Health Care ; Company size: 51-200 employees.,"site:linkedin.com/company/ ""community health center"" ""51-200""",4,2026-04-17T07:51:46Z,http://www.andersenimages.com/galleries.php?action=viewGallery&galleryUID=&galleryUID=28,ok,2
lgbtqhealthexcellence,https://www.linkedin.com/company/lgbtqhealthexcellence,LGBTQ Health Center of Excellence,1A_fqhc,FQHCs / Community Health Centers,community health center,Nov-50,"11-50 employees. Headquarters: Boston, Massachusetts. Type: Nonprofit. Founded ... Community Health Center, Penn Medicine, University of Pennsylvania Health ...","site:linkedin.com/company/ ""community health center"" ""11-50""",15,2026-04-17T07:51:20Z,https://vnachc.org/lgbtq,needs_review,2
la-clinica-del-pueblo,https://www.linkedin.com/company/la-clinica-del-pueblo,La Clinica del Pueblo,1A_fqhc,FQHCs / Community Health Centers,federally qualified health center,51-200,"... Federally Qualified Health Center that serves the Greater Washington ... 51-200 employees. Headquarters: Washington, DC. Type: Nonprofit.","site:linkedin.com/company/ ""federally qualified health center"" ""51-200""",26,2026-04-17T07:53:45Z,https://la-clinica.org,thin_or_dead,2
langley-health-services,https://www.linkedin.com/company/langley-health-services,Langley Health Services,1A_fqhc,FQHCs / Community Health Centers,federally qualified health center,201-500,"... Federally Qualified Health Center (FQHC) with seven sites for your ... 201-500 employees. Headquarters: Sumterville, Florida. Type: Nonprofit. Founded: 1974 ...","site:linkedin.com/company/ ""federally qualified health center"" ""201-500""",22,2026-04-17T07:54:17Z,https://langleyhealth.com,needs_review,2
lone-star-family-health-center,https://www.linkedin.com/company/lone-star-family-health-center,Lone Star Family Health Center,1A_fqhc,FQHCs / Community Health Centers,community health center,201-500,"201-500 employees. Headquarters: Conroe, Texas. Type: Nonprofit. Founded: 2002 ... Spring Branch Community Health Center. Hospitals and Health Care. Houston ...","site:linkedin.com/company/ ""community health center"" ""201-500""",8,2026-04-17T07:52:32Z,https://www.lonestarfamily.org,ok,2
lachc,https://www.linkedin.com/company/lachc,Los Angeles Christian Health Centers,1A_fqhc,FQHCs / Community Health Centers,federally qualified health center,51-200,"... Federally Qualified Health Center (FQHC). 2010: We now have 53 full ... 51-200 employees. Headquarters: Los Angeles, CA. Type: Nonprofit.","site:linkedin.com/company/ ""federally qualified health center"" ""51-200""",19,2026-04-17T07:53:35Z,https://losangeleschristian.org,parking,2
lower-lights-christian-health-center,https://www.linkedin.com/company/lower-lights-christian-health-center,Lower Lights Health,1A_fqhc,FQHCs / Community Health Centers,community health center,51-200,"... community health center that exists to minister the love of Christ as a full ... 51-200 employees. Headquarters: Columbus, Ohio. Type: Nonprofit. Founded ...","site:linkedin.com/company/ ""community health center"" ""51-200""",17,2026-04-17T07:52:01Z,https://llchc.org,ok,2
mehop,https://www.linkedin.com/company/mehop,MEHOP,1A_fqhc,FQHCs / Community Health Centers,federally qualified health center,51-200,Matagorda Episcopal Health Outreach Program (MEHOP) is a Non-Profit 501(c)3 Federally Qualified Health Center ... 51–200 Beschäftigte. Hauptsitz: Bay City ...,"site:linkedin.com/company/ ""federally qualified health center"" ""51-200""",3,2026-04-17T07:53:16Z,https://mehop.wpcomstaging.com,parking,2
mission-neighborhood-centers-inc.,https://www.linkedin.com/company/mission-neighborhood-centers-inc.,MNC Inspiring Success,1A_fqhc,FQHCs / Community Health Centers,community health center,201-500,"201–500 Beschäftigte. Hauptsitz: San Francisco, California. Art: Nonprofit ... San Francisco Community Health Center. Krankenhäuser und ...","site:linkedin.com/company/ ""community health center"" ""201-500""",13,2026-04-17T07:52:38Z,https://gearheart.com,wrong_entity,2
muskingum-valley-health-centers,https://www.linkedin.com/company/muskingum-valley-health-centers,MVHC,1A_fqhc,FQHCs / Community Health Centers,federally qualified health center,201-500,"MVHC | 752 followers on LinkedIn. MVHC is a non-profit federally qualified health center ... 201-500 employees. Headquarters: Zanesville, OH. Type: Nonprofit.","site:linkedin.com/company/ ""federally qualified health center"" ""201-500""",2,2026-04-17T07:53:52Z,https://mvhc.org,parking,2
mallawa-ventures-inc,https://www.linkedin.com/company/mallawa-ventures-inc,Mallawa Ventures Inc,1A_fqhc,FQHCs / Community Health Centers,community health center,Nov-50,"11-50 employés. Siège social: Naperville, IL. Type: Société civile/Société ... Pages similaires. Amistad Community Health Center. Hôpitaux et services de ...","site:linkedin.com/company/ ""community health center"" ""11-50""",19,2026-04-17T07:51:24Z,https://mallawaventures.com,ok,2
mankin-consulting-llc,https://www.linkedin.com/company/mankin-consulting-llc,"Mankin Consulting, LLC",1A_fqhc,FQHCs / Community Health Centers,FQHC,Nov-50,"... FQHC Financial Reporting, Accounts Receivable, Accounts Payable, Grants ... 11-50 employees. Headquarters: Sedalia , Missouri. Type: Self-Owned. Founded ...","site:linkedin.com/company/ ""FQHC"" ""11-50""",15,2026-04-17T07:54:43Z,https://mankinconsulting.com,parking,2
medlink-georgia-inc.,https://www.linkedin.com/company/medlink-georgia-inc.,MedLink Georgia,1A_fqhc,FQHCs / Community Health Centers,community health center,201-500,MedLink Georgia | 1.176 Follower:innen auf LinkedIn. WE ARE YOUR COMMUNITY HEALTH CENTER | Serving Northeast ... 201–500 Beschäftigte.,"site:linkedin.com/company/ ""community health center"" ""201-500""",21,2026-04-17T07:52:50Z,https://medlinkga.org,ok,2
medical-home-network,https://www.linkedin.com/company/medical-home-network,Medical Home Network,1A_fqhc,FQHCs / Community Health Centers,FQHC,51-200,"51-200 employees. Headquarters: Chicago, IL. Type: Privately Held. Founded: 2009 ... FQHC experience Interested or know someone who might be? Apply here ...","site:linkedin.com/company/ ""FQHC"" ""51-200""",22,2026-04-17T07:55:27Z,https://medicalhomenetwork.org,ok,2
memphis-health-center,https://www.linkedin.com/company/memphis-health-center,"Memphis Health Center, Inc.",1A_fqhc,FQHCs / Community Health Centers,federally qualified health center,51-200,"... federally qualified health center in the Memphis area delivering healthcare ... 51-200 pekerja. Ibu pejabat: Memphis, TN. Jenis: Kebajikan. Ditubuhkan: 1970.","site:linkedin.com/company/ ""federally qualified health center"" ""51-200""",16,2026-04-17T07:53:31Z,https://memphishealthcenter.org,needs_review,2
metrocommunityhealthcenters,https://www.linkedin.com/company/metrocommunityhealthcenters,Metro Community Health Centers,1A_fqhc,FQHCs / Community Health Centers,community health center,51-200,"51-200 employees. Headquarters: NEW YORK, New York. Type: Nonprofit. Locations ... ATENAS COMMUNITY HEALTH CENTER ACHC INC. Hospitals and Health Care. Manati ...","site:linkedin.com/company/ ""community health center"" ""51-200""",4,2026-04-17T07:51:46Z,https://www.metro-community.org,title_mismatch,2
miami-bridge-youth-&-family-services-inc-,https://www.linkedin.com/company/miami-bridge-youth-&-family-services-inc-,"Miami Bridge Youth & Family Services, Inc.",1A_fqhc,FQHCs / Community Health Centers,community health center,51-200,"51-200 pekerja. Ibu pejabat: Miami, Florida. Jenis: Kebajikan. Ditubuhkan: 1985 ... Empower U Community Health Center. Hospital dan Penjagaan Kesihatan. Miami ...","site:linkedin.com/company/ ""community health center"" ""51-200""",25,2026-04-17T07:52:13Z,https://miamibridge.org,ok,2
mid-state-health-center,https://www.linkedin.com/company/mid-state-health-center,Mid-State Health Center,1A_fqhc,FQHCs / Community Health Centers,federally qualified health center,51-200,"... Federally Qualified Health Center providing primary medical and supportive ... 51-200 employees. Headquarters: Plymouth, NH. Type: Nonprofit. Founded: 1998.","site:linkedin.com/company/ ""federally qualified health center"" ""51-200""",18,2026-04-17T07:53:34Z,https://www.mhc.org,wrong_entity,2
milwaukee-health-services-inc.,https://www.linkedin.com/company/milwaukee-health-services-inc.,"Milwaukee Health Services, Inc.",1A_fqhc,FQHCs / Community Health Centers,community health center,51-200,"... Community Health Center 330 Federal Grant. This allowed only the Isaac Coggs ... 51–200 Beschäftigte. Hauptsitz: Milwaukee, Wisconsin. Art: Nonprofit.","site:linkedin.com/company/ ""community health center"" ""51-200""",1,2026-04-17T07:51:43Z,https://milwaukeehealth.org,parking,2
mitchellmartin-healthcare,https://www.linkedin.com/company/mitchellmartin-healthcare,Mitchell Martin Healthcare,1A_fqhc,FQHCs / Community Health Centers,community health center,51-200,51–200 Beschäftigte ... The dynamic duo Joanne Russo and Andrea Carrasco dazzled and had a blast with the wonderful group at the Metro Community Health Center's ...,"site:linkedin.com/company/ ""community health center"" ""51-200""",6,2026-04-17T07:51:48Z,https://www.mitchellmartinhealthcare.com,ok,2
mosaic-community-health,https://www.linkedin.com/company/mosaic-community-health,Mosaic Community Health,1A_fqhc,FQHCs / Community Health Centers,community health center,201-500,Mosaic Community Health is a nonprofit community health center that serves Central Oregonians from all walks of life. ... 201-500 employees. Headquarters ...,"site:linkedin.com/company/ ""community health center"" ""201-500""",8,2026-04-17T07:52:32Z,https://mosaiccommunityhealth.com,parking,2
mountain-community-health,https://www.linkedin.com/company/mountain-community-health,Mountain Community Health,1A_fqhc,FQHCs / Community Health Centers,federally qualified health center,Nov-50,"... Federally Qualified Health Center (FQHC), MCH offers a wide range of ... 11-50 employees. Headquarters: Bristol, Vermont. Type: Nonprofit. Founded: 1986 ...","site:linkedin.com/company/ ""federally qualified health center"" ""11-50""",7,2026-04-17T07:53:09Z,https://mountaincommunity.org,parking,2
mountain-health-&-community-services,https://www.linkedin.com/company/mountain-health-&-community-services,"Mountain Health & Community Services, Inc.",1A_fqhc,FQHCs / Community Health Centers,community health center,51-200,"This agency is now San Ysidro Health--Mountain Health & Community Services, Inc. (MHCS) is a private, non-profit community health center organization that ...","site:linkedin.com/company/ ""community health center"" ""51-200""",2,2026-04-17T07:51:44Z,https://mountain-health.com,parking,2
new-horizon-health-center,https://www.linkedin.com/company/new-horizon-health-center,NEW HORIZON HEALTH CENTER,1A_fqhc,FQHCs / Community Health Centers,community health center,201-500,"201-500 employees. Headquarters: Brownsville, Texas. Type: Nonprofit. Founded: 1987 ... Community Health Center into a modern, patient-centered health care home.","site:linkedin.com/company/ ""community health center"" ""201-500""",16,2026-04-17T07:52:43Z,https://newhorizonhealth.org,parking,2
nachc,https://www.linkedin.com/company/nachc,National Association of Community Health Centers (NACHC),1A_fqhc,FQHCs / Community Health Centers,community health center,51-200,"51-200 employés. Siège social: Bethesda, Maryland. Type: Non lucratif ... Community Health Center Movement. Join us in Las Vegas, NV, from April 28-29 ...","site:linkedin.com/company/ ""community health center"" ""51-200""",1,2026-04-17T07:51:43Z,https://national-association.com,parking,2
near-north-health-service-corporation,https://www.linkedin.com/company/near-north-health-service-corporation,Near North Health Service Corporation,1A_fqhc,FQHCs / Community Health Centers,community health center,201-500,"We are a culturally sensitive, patient centered community health center that ... 201–500 Beschäftigte. Hauptsitz: Chicago, IL. Art: Nonprofit. Gegründet ...","site:linkedin.com/company/ ""community health center"" ""201-500""",8,2026-04-17T07:52:32Z,https://nearnorthhealth.org,ok,2
neighborhood-health-center-wny,https://www.linkedin.com/company/neighborhood-health-center-wny,"Neighborhood Health Center of WNY, Inc.",1A_fqhc,FQHCs / Community Health Centers,community health center,201-500,"External link for Neighborhood Health Center of WNY, Inc. Industry: Medical Practices. Company size: 201-500 employees ... Community Health Center ...","site:linkedin.com/company/ ""community health center"" ""201-500""",12,2026-04-17T07:52:37Z,https://nhcwny.org,ok,2
north-carolina-community-health-center-association,https://www.linkedin.com/company/north-carolina-community-health-center-association,North Carolina Community Health Center Association,1A_fqhc,FQHCs / Community Health Centers,community health center,51-200,"The North Carolina Community Health Center Association represents 43 Community Health Center ... 51-200 employees. Headquarters: Raleigh, North Carolina. Type ...","site:linkedin.com/company/ ""community health center"" ""51-200""",18,2026-04-17T07:52:03Z,https://northcarolinacommunity.com,parking,2
northstarfqhc,https://www.linkedin.com/company/northstarfqhc,North Star Health,1A_fqhc,FQHCs / Community Health Centers,federally qualified health center,201-500,"federally qualified health center dedicated to connecting with and caring for our community so ... 201-500 employees. Headquarters: Springfield, VT. Type ...","site:linkedin.com/company/ ""federally qualified health center"" ""201-500""",21,2026-04-17T07:54:15Z,http://ww1.northstarhealth.org,title_mismatch,2
northern-nevada-hopes,https://www.linkedin.com/company/northern-nevada-hopes,Northern Nevada HOPES,1A_fqhc,FQHCs / Community Health Centers,community health center,201-500,"Northern Nevada HOPES is a nonprofit community health center in Reno, Nevada providing comprehensive, integrated healthcare across two clinic locations.","site:linkedin.com/company/ ""community health center"" ""201-500""",4,2026-04-17T07:52:28Z,http://www.northern-nevada.com,wrong_entity,2
nwhs,https://www.linkedin.com/company/nwhs,"Northwest Human Services, Inc.",1A_fqhc,FQHCs / Community Health Centers,FQHC,201-500,"201-500 employees. Headquarters: Salem, OR. Type: Nonprofit. Founded: 1970 ... FQHC, and community. Locations. Primary. 681 Center Street NE. Salem, OR 97301 ...","site:linkedin.com/company/ ""FQHC"" ""201-500""",11,2026-04-17T07:55:51Z,https://northwesthumanservices.org,ok,2
nuvemrx,https://www.linkedin.com/company/nuvemrx,NuvemRx,1A_fqhc,FQHCs / Community Health Centers,FQHC,201-500,"201-500 employees. Headquarters: Sharon Hill, Pennsylvania. Type: Privately Held ... #CommunityHealth #PharmacyOperations #FQHC #NuTPA Read the story in the first ...","site:linkedin.com/company/ ""FQHC"" ""201-500""",17,2026-04-17T07:55:59Z,https://nuvemrx.org,parking,2
ocean-health-initiatives-inc-,https://www.linkedin.com/company/ocean-health-initiatives-inc-,"OHI - Ocean Health Initiatives, Inc.",1A_fqhc,FQHCs / Community Health Centers,federally qualified health center,201-500,"OHI - Ocean Health Initiatives, Inc. | 1.425 Follower:innen auf LinkedIn. Ocean Health Initiatives, Inc. (OHI) is a Federally Qualified Health Center ... 201–500 ...","site:linkedin.com/company/ ""federally qualified health center"" ""201-500""",1,2026-04-17T07:53:51Z,,none,2
olympic-payroll-services,https://www.linkedin.com/company/olympic-payroll-services,Olympic Payroll Services,1A_fqhc,FQHCs / Community Health Centers,community health center,Nov-50,"11–50 Beschäftigte. Hauptsitz: Pinebrook, New Jersey. Art: Privatunternehmen ... VNACJ Community Health Center. Krankenhäuser und Gesundheitseinrichtungen.","site:linkedin.com/company/ ""community health center"" ""11-50""",6,2026-04-17T07:51:08Z,https://olympicpayroll.com,ok,2
onevoicems,https://www.linkedin.com/company/onevoicems,OneVoiceMS,1A_fqhc,FQHCs / Community Health Centers,community health center,Nov-50,11-50 名員工. 總部: JacksonMississippi. 類型: 非營利組織. 創立時間: 2005. 專長 ... Community Health Center Association of Mississippi. 醫療保健.,"site:linkedin.com/company/ ""community health center"" ""11-50""",23,2026-04-17T07:51:30Z,https://onevoicems.org,title_mismatch,2
opencitieshealthcenter,https://www.linkedin.com/company/opencitieshealthcenter,Open Cities Health Center,1A_fqhc,FQHCs / Community Health Centers,federally qualified health center,51-200,"51-200 pekerja. Ibu pejabat: St Paul, Minnesota. Jenis: Kebajikan. Ditubuhkan ... Open Cities Health Center, a Federally Qualified Health Center (FQHC), is ...","site:linkedin.com/company/ ""federally qualified health center"" ""51-200""",4,2026-04-17T07:53:17Z,https://opencitieshealth.org,ok,2
oregon-primary-care-association,https://www.linkedin.com/company/oregon-primary-care-association,Oregon Primary Care Association (OPCA),1A_fqhc,FQHCs / Community Health Centers,community health center,Nov-50,"11-50 employees. Headquarters: Portland, Oregon. Type: Nonprofit. Founded: 1984 ... Community Health Center (CHC) appropriations letter—highlighted the vital ...","site:linkedin.com/company/ ""community health center"" ""11-50""",4,2026-04-17T07:51:05Z,https://www.compassioncarefamilypractice.com,wrong_entity,2
partnership-community-health-center,https://www.linkedin.com/company/partnership-community-health-center,PARTNERSHIP COMMUNITY HEALTH CENTER,1A_fqhc,FQHCs / Community Health Centers,community health center,51-200,"External link for PARTNERSHIP COMMUNITY HEALTH CENTER. Industry: Hospitals and Health Care. Company size: 51-200 employees. Headquarters: APPLETON, Wisconsin.","site:linkedin.com/company/ ""community health center"" ""51-200""",4,2026-04-17T07:51:46Z,,none,2
peninsula-community-health-services-wa,https://www.linkedin.com/company/peninsula-community-health-services-wa,Peninsula Community Health Services (Washington),1A_fqhc,FQHCs / Community Health Centers,federally qualified health center,201-500,... federally qualified health center (FQHC) in 1995. PCHS includes primary ... 201-500 人. 总部: Bremerton，WA. 类型: 非营利机构. 创立: 1987. 领域: Primary ...,"site:linkedin.com/company/ ""federally qualified health center"" ""201-500""",5,2026-04-17T07:53:55Z,https://www.hugedomains.com/domain_profile.cfm?d=peninsulacommunityhealth.com,parking,2
pennyroyal-center,https://www.linkedin.com/company/pennyroyal-center,Pennyroyal Center,1A_fqhc,FQHCs / Community Health Centers,community health center,201-500,직원 201-500명. 본사: Kentucky Hopkinsville. 유형: 비영리. 설립: 1967. 위치. 기본 ... Bluegrass Community Health Center. 병원·보건. Kentucky Lexington. NEW ...,"site:linkedin.com/company/ ""community health center"" ""201-500""",29,2026-04-17T07:53:00Z,https://www.pennyroyalcenter.org,needs_review,2
pointcare,https://www.linkedin.com/company/pointcare,Pointcare,1A_fqhc,FQHCs / Community Health Centers,community health center,Nov-50,"11-50 funcionários. Sede: Walnut Creek, California. Tipo: Empresa privada ... To every community health center that took a chance on us along the way. You ...","site:linkedin.com/company/ ""community health center"" ""11-50""",9,2026-04-17T07:51:12Z,https://pointcare.org,parking,2
premierhc,https://www.linkedin.com/company/premierhc,Premier Community HealthCare,1A_fqhc,FQHCs / Community Health Centers,federally qualified health center,201-500,"... Federally Qualified Health Center (FQHC) serving Pasco and Hernando Counties ... 201-500 employees. Headquarters: Dade City, Florida. Type: Nonprofit.","site:linkedin.com/company/ ""federally qualified health center"" ""201-500""",21,2026-04-17T07:54:15Z,https://premier-community.com,title_mismatch,2
primarycaredev,https://www.linkedin.com/company/primarycaredev,Primary Care Development Corporation (PCDC),1A_fqhc,FQHCs / Community Health Centers,community health center,Nov-50,"พนักงาน 11-50 คน. สำนักงานใหญ่: New York, NY. ประเภท: องค์กรไม่แสวงหาผลกำไร ... Community Health Center และimpact investing. ตำแหน่งที่ตั้ง. หลัก. 39 Broadway.","site:linkedin.com/company/ ""community health center"" ""11-50""",2,2026-04-17T07:51:03Z,https://primary-care.org,parking,2
progressive-community-health-centers-pchc-,https://www.linkedin.com/company/progressive-community-health-centers-pchc-,"Progressive Community Health Centers, Inc.",1A_fqhc,FQHCs / Community Health Centers,federally qualified health center,51-200,"... Federally Qualified Health Center (FQHC) that operates three primary care ... 51 - 200 çalışan. Genel Merkez: Milwaukee, Wisconsin. Türü: Kâr Amacı ...","site:linkedin.com/company/ ""federally qualified health center"" ""51-200""",1,2026-04-17T07:53:13Z,https://progressivecommunity.com,parking,2
projectsafetynet,https://www.linkedin.com/company/projectsafetynet,Project Safety Net NY,1A_fqhc,FQHCs / Community Health Centers,community health center,Nov-50,직원 11-50명. 본사: New York Patchogue. 유형: 비영리. 설립: 2019. 위치. 기본. 475 E ... Callen-Lorde Community Health Center. 병원·보건. NY New York · Frazier ...,"site:linkedin.com/company/ ""community health center"" ""11-50""",9,2026-04-17T07:51:12Z,https://projectsafetynet.com,parking,2
quality-community-health-care-inc-,https://www.linkedin.com/company/quality-community-health-care-inc-,"Quality Community Health Care, Inc.",1A_fqhc,FQHCs / Community Health Centers,federally qualified health center,51-200,"Quality Community Health Care, (QCHC) is a Federally Qualified Health Center ... 51 - 200 çalışan. Genel Merkez: Philadelphia, PA. Türü: Kâr Amacı Gütmeyen ...","site:linkedin.com/company/ ""federally qualified health center"" ""51-200""",22,2026-04-17T07:53:40Z,https://qualitycommunity.org,parking,2
raocommunityhealth,https://www.linkedin.com/company/raocommunityhealth,RAO Community Health,1A_fqhc,FQHCs / Community Health Centers,community health center,Nov-50,"11-50 employees. Headquarters: Charlotte, North Carolina. Type: Nonprofit ... Similar pages. The C. W. Williams Community Health Center, Inc. Hospitals and ...","site:linkedin.com/company/ ""community health center"" ""11-50""",7,2026-04-17T07:51:10Z,https://radychildrens.org,wrong_entity,2
r-o-a-d-s-foundation-inc,https://www.linkedin.com/company/r-o-a-d-s-foundation-inc,ROADS Foundation Inc.,1A_fqhc,FQHCs / Community Health Centers,federally qualified health center,Nov-50,"Our community care clinic is the first Federally Qualified Health Center (FQHC) in South Los Angeles. ... 11-50 employees. Headquarters: Compton, California.","site:linkedin.com/company/ ""federally qualified health center"" ""11-50""",4,2026-04-17T07:53:06Z,https://roadsfoundation.org,ok,2
radarhealthcare,https://www.linkedin.com/company/radarhealthcare,Radar Healthcare,1A_fqhc,FQHCs / Community Health Centers,FQHC,51-200,"51-200 employees. Headquarters: Leeds, England. Type: Public Company. Founded ... FQHC. Products. Click here to view Radar Healthcare Radar Healthcare ...","site:linkedin.com/company/ ""FQHC"" ""51-200""",5,2026-04-17T07:55:05Z,https://radarhealthcare.com,needs_review,2
raphael-health-center,https://www.linkedin.com/company/raphael-health-center,Raphael Health Center,1A_fqhc,FQHCs / Community Health Centers,community health center,Nov-50,11 - 50 çalışan. Türü: Kâr Amacı Gütmeyen Kuruluş. Kuruluş: 1994. Konum. Birincil ... Jane Pauley Community Health Center. Hastaneler ve Sağlık. Indianapolis ...,"site:linkedin.com/company/ ""community health center"" ""11-50""",2,2026-04-17T07:51:03Z,https://raphaelhealth.org,parking,2
ravinconsultants,https://www.linkedin.com/company/ravinconsultants,Ravin Consultants,1A_fqhc,FQHCs / Community Health Centers,FQHC,Nov-50,"11-50 employees. Headquarters: Bradenton, Florida. Type: Self-Owned. Founded: 2017 ... FQHC's 340B pharmacy access visible by consistently communicating low ...","site:linkedin.com/company/ ""FQHC"" ""11-50""",9,2026-04-17T07:54:36Z,https://www.ravinconsultants.com,ok,2
refuah-health-center,https://www.linkedin.com/company/refuah-health-center,Refuah Health Center (RefuahHealth),1A_fqhc,FQHCs / Community Health Centers,federally qualified health center,201-500,Refuah Health Center (RefuahHealth) | 1131 followers on LinkedIn. Refuah is a Federally Qualified Health Center ... 201-500 employees.,"site:linkedin.com/company/ ""federally qualified health center"" ""201-500""",11,2026-04-17T07:54:03Z,https://refuahhealth.org,ok,2
remote-care-partners,https://www.linkedin.com/company/remote-care-partners,Remote Care Partners,1A_fqhc,FQHCs / Community Health Centers,FQHC,Nov-50,"11-50 employees. Headquarters: Tampa, Florida. Type: Privately Held. Founded: 2019 ... #FQHC #healthcarefinance #HealthcareLeadership #HealthTech ...","site:linkedin.com/company/ ""FQHC"" ""11-50""",5,2026-04-17T07:54:31Z,https://www.remotecarepartners.com,title_mismatch,2
richland-parish-hospital,https://www.linkedin.com/company/richland-parish-hospital,Richland Parish Hospital,1A_fqhc,FQHCs / Community Health Centers,community health center,201-500,Richland Parish Hospital | LinkedIn 팔로워 152명 | Delhi Hospital │ Delhi Rural Health Clinic │ Delhi Community Health Center ... 직원 201-500명. 본사 ...,"site:linkedin.com/company/ ""community health center"" ""201-500""",6,2026-04-17T07:52:30Z,https://richlandparishhospital.com,parking,2
riverfront-recovery,https://www.linkedin.com/company/riverfront-recovery,Riverfront Recovery Center,1A_fqhc,FQHCs / Community Health Centers,FQHC,Nov-50,"11-50 employees ... Since 2018, he has served as the lead physician at MedLink Habersham, a federally qualified health center (FQHC) in rural Northeast Georgia.","site:linkedin.com/company/ ""FQHC"" ""11-50""",19,2026-04-17T07:54:50Z,https://riverfrontrecoverycenter.com,ok,2
roane-county-family-health-care,https://www.linkedin.com/company/roane-county-family-health-care,Roane County Family Health Care,1A_fqhc,FQHCs / Community Health Centers,federally qualified health center,Nov-50,"A Federally Qualified Health Center dedicated to providing barrier-free ... 11-50 employees. Headquarters: Spencer, West Virginia. Type: Nonprofit ...","site:linkedin.com/company/ ""federally qualified health center"" ""11-50""",3,2026-04-17T07:53:05Z,https://www.themountainpress.com/roane,needs_review,2
rocky-mountain-health-plans,https://www.linkedin.com/company/rocky-mountain-health-plans,Rocky Mountain Health Plans,1A_fqhc,FQHCs / Community Health Centers,FQHC,201-500,"201-500 employees. Headquarters: Grand Junction, CO. Type: Nonprofit. Founded ... As an FQHC, PrimeHealth+ delivers critical services across Mesa, Montrose ...","site:linkedin.com/company/ ""FQHC"" ""201-500""",10,2026-04-17T07:55:50Z,https://www.rmhp.org,ok,2
rhmpi,https://www.linkedin.com/company/rhmpi,"Rural Health Medical Program, Inc.",1A_fqhc,FQHCs / Community Health Centers,community health center,51-200,"... Community Health Center within a Public Housing Authority providing ... 51-200 empleyado. Headquarters: Selma, AL. Uri: Nonprofit. Itinatag ...","site:linkedin.com/company/ ""community health center"" ""51-200""",30,2026-04-17T07:52:23Z,https://ruralhospitals.chqpr.org,needs_review,2
sbl-architecture,https://www.linkedin.com/company/sbl-architecture,"SBL Architecture, Inc.",1A_fqhc,FQHCs / Community Health Centers,FQHC,Nov-50,"External link for SBL Architecture, Inc. Industry: Architecture and Planning. Company size: 11-50 employees ... (FQHC) Incubator Program has been continued through ...","site:linkedin.com/company/ ""FQHC"" ""11-50""",11,2026-04-17T07:54:39Z,,none,2
san-diego-american-indian-health-center,https://www.linkedin.com/company/san-diego-american-indian-health-center,San Diego Community Health Center,1A_fqhc,FQHCs / Community Health Centers,community health center,51-200,"San Diego Community Health Center | 919 følgere på LinkedIn. A community health center ... 51–200 ansatte. Hovedkontor: San Diego, CA. Type: Ideell organisasjon.","site:linkedin.com/company/ ""community health center"" ""51-200""",3,2026-04-17T07:51:45Z,https://sandiegocommunity.com,parking,2
sfcommunityhealth,https://www.linkedin.com/company/sfcommunityhealth,San Francisco Community Health Center,1A_fqhc,FQHCs / Community Health Centers,community health center,51-200,External link for San Francisco Community Health Center. Industry: Hospitals and Health Care. Company size: 51-200 employees. Headquarters: San Francisco ...,"site:linkedin.com/company/ ""community health center"" ""51-200""",4,2026-04-17T07:51:46Z,https://san-francisco.org,parking,2
san-francisco-free-clinic,https://www.linkedin.com/company/san-francisco-free-clinic,San Francisco Free Clinic,1A_fqhc,FQHCs / Community Health Centers,community health center,Nov-50,"11–50 anställda. Huvudkontor: San Francisco, California. Typ: Ideell ... Wang Community Health Center. Sjukhus och hälsovård. New York, NY. Partillion ...","site:linkedin.com/company/ ""community health center"" ""11-50""",21,2026-04-17T07:51:27Z,https://sanfranciscofree.com,parking,2
seattle-indian-health-board,https://www.linkedin.com/company/seattle-indian-health-board,Seattle Indian Health Board,1A_fqhc,FQHCs / Community Health Centers,community health center,51-200,"Seattle Indian Health Board is a community health center that provides ... 51–200 anställda. Huvudkontor: Seattle, Washington. Typ: Ideell organisation.","site:linkedin.com/company/ ""community health center"" ""51-200""",18,2026-04-17T07:52:03Z,https://seattleindian.org,ok,2
serve-the-people-community-health-center,https://www.linkedin.com/company/serve-the-people-community-health-center,Serve the People,1A_fqhc,FQHCs / Community Health Centers,federally qualified health center,51-200,"Serve The People is recognized as a Federally Qualified Health Center (FQHC) ... 51-200 employees. Headquarters: Santa Ana, California. Type: Nonprofit.","site:linkedin.com/company/ ""federally qualified health center"" ""51-200""",21,2026-04-17T07:53:38Z,https://serve-people.com,parking,2
sharon-community-health-center,https://www.linkedin.com/company/sharon-community-health-center,Sharon Community Health Center,1A_fqhc,FQHCs / Community Health Centers,community health center,Nov-50,"Sharon Community Health Center | 61 pengikut di LinkedIn. Sharon Community Health Center ... 11-50 pekerja. Ibu pejabat: Sharon, Pennsylvania. Jenis: Kebajikan.","site:linkedin.com/company/ ""community health center"" ""11-50""",17,2026-04-17T07:51:22Z,,none,2
green-living-planet-llc,https://www.linkedin.com/company/green-living-planet-llc,Shine Facility Services,1A_fqhc,FQHCs / Community Health Centers,community health center,51-200,"51–200 Beschäftigte. Hauptsitz: San Francisco, California. Art ... community health center, From preparation to post-event cleanup, our team helped ensure ...","site:linkedin.com/company/ ""community health center"" ""51-200""",20,2026-04-17T07:52:05Z,https://shinefacilityservices.org,parking,2
shingletown-medical-center,https://www.linkedin.com/company/shingletown-medical-center,Shingletown Medical Center,1A_fqhc,FQHCs / Community Health Centers,federally qualified health center,Nov-50,"... Federally Qualified Health Center (FQHC) “look-alike” in 2001, and received ... 11-50 employés. Type: Non lucratif. Fondée en: 1986. Domaines: Primary Health ...","site:linkedin.com/company/ ""federally qualified health center"" ""11-50""",4,2026-04-17T07:53:06Z,,none,2
siouxland-community-health-ctr,https://www.linkedin.com/company/siouxland-community-health-ctr,Siouxland Community Health Center,1A_fqhc,FQHCs / Community Health Centers,community health center,201-500,"Siouxland Community Health Center | 331 followers on LinkedIn. Siouxland Community Health Center ... 201-500 employees. Headquarters: Sioux City, Iowa. Type ...","site:linkedin.com/company/ ""community health center"" ""201-500""",11,2026-04-17T07:52:36Z,,none,2
south-bay-family-health-care,https://www.linkedin.com/company/south-bay-family-health-care,South Bay Family Health Care,1A_fqhc,FQHCs / Community Health Centers,federally qualified health center,51-200,"We are a 501(c)(3) nonprofit Federally Qualified Health Center (FQHC) that ... 51-200 employés. Siège social: Torrance, CA. Type: Non lucratif. Fondée en ...","site:linkedin.com/company/ ""federally qualified health center"" ""51-200""",21,2026-04-17T07:53:38Z,https://south-bay.org,thin_or_dead,2
south-central-family-health-center,https://www.linkedin.com/company/south-central-family-health-center,South Central Family Health Center,1A_fqhc,FQHCs / Community Health Centers,FQHC,201-500,"In 2002, SCFHC was designated as a Federally Qualified Health Center (FQHC) 330 Clinic. ... 201-500 employees. Headquarters: Los Angeles, CA. Type: Nonprofit ...","site:linkedin.com/company/ ""FQHC"" ""201-500""",7,2026-04-17T07:55:47Z,https://www.south-central.org,ok,2
south-cove-community-health-center-inc,https://www.linkedin.com/company/south-cove-community-health-center-inc,"South Cove Community Health Center, Inc.",1A_fqhc,FQHCs / Community Health Centers,community health center,201-500,"201-500 employees. Type: Nonprofit. Employees at South Cove Community Health Center, Inc. Click here to view Regina Wu's profile. Regina Wu. Registered Nurse.","site:linkedin.com/company/ ""community health center"" ""201-500""",6,2026-04-17T07:52:30Z,https://scchc.org,ok,2
southern-california-medical-center,https://www.linkedin.com/company/southern-california-medical-center,Southern California Medical Center,1A_fqhc,FQHCs / Community Health Centers,FQHC,51-200,"... (FQHC) dedicated to delivering high-quality, affordable healthcare to ... 51-200 employees. Headquarters: VAN NUYS, CA. Type: Nonprofit. Founded: 1994.","site:linkedin.com/company/ ""FQHC"" ""51-200""",26,2026-04-17T07:55:33Z,http://southerncaliforniamedicalcenter.org,thin_or_dead,2
southern-missouri-community-health-center,https://www.linkedin.com/company/southern-missouri-community-health-center,Southern Missouri Community Health Center,1A_fqhc,FQHCs / Community Health Centers,community health center,51-200,"Southern Missouri Community Health Center | 67 followers on LinkedIn ... 51-200 employees. Headquarters: West Plains, Missouri. Type: Nonprofit. Founded ...","site:linkedin.com/company/ ""community health center"" ""51-200""",14,2026-04-17T07:51:58Z,https://southernmissouri.com,parking,2
southside-community-health-services,https://www.linkedin.com/company/southside-community-health-services,Southside Community Health Services,1A_fqhc,FQHCs / Community Health Centers,federally qualified health center,51-200,Your Community Health Services | Southside is a Federally Qualified Health Center ... 51-200 人. 总部: Minneapolis，MN. 类型: 非营利机构. 创立 ...,"site:linkedin.com/company/ ""federally qualified health center"" ""51-200""",19,2026-04-17T07:53:35Z,https://www.southsidecommunity.org,needs_review,2
spectrum-health-services,https://www.linkedin.com/company/spectrum-health-services,"Spectrum Health Services, Inc.",1A_fqhc,FQHCs / Community Health Centers,federally qualified health center,51-200,"We are a Federally Qualified Health Center (FQHC). Our model of integrated ... 51-200 employees. Headquarters: Philadelphia, Pennsylvania. Type: Nonprofit.","site:linkedin.com/company/ ""federally qualified health center"" ""51-200""",20,2026-04-17T07:53:36Z,https://spectrumhealthservices.com,wrong_entity,2
springfield-hospital-vt,https://www.linkedin.com/company/springfield-hospital-vt,"Springfield Hospital, Inc.",1A_fqhc,FQHCs / Community Health Centers,federally qualified health center,201-500,"We work collaboratively with North Star Health, a Federally Qualified Health Center ... 201-500 employees. Headquarters: Springfield, Vermont. Type: Nonprofit ...","site:linkedin.com/company/ ""federally qualified health center"" ""201-500""",9,2026-04-17T07:54:00Z,https://springfieldhospital.org,ok,2
st-croix-regional-family-health-center,https://www.linkedin.com/company/st-croix-regional-family-health-center,St. Croix Regional Family Health Center,1A_fqhc,FQHCs / Community Health Centers,community health center,Nov-50,"... Community Health Center (FQHC). We are a private, nonprofit organization ... 11–50 Beschäftigte. Hauptsitz: Princeton, Maine. Art: Nonprofit. Gegründet: 1991 ...","site:linkedin.com/company/ ""community health center"" ""11-50""",7,2026-04-17T07:51:10Z,http://stcroixregional.org,wrong_entity,2
st-thomas-community-health-center,https://www.linkedin.com/company/st-thomas-community-health-center,St. Thomas Community Health Center,1A_fqhc,FQHCs / Community Health Centers,community health center,51-200,"Thomas Community Health Center. Medical Practices. New Orleans, LA 1,139 ... 51-200 employees. Headquarters: New Orleans, LA. Type: Privately Held. Founded ...","site:linkedin.com/company/ ""community health center"" ""51-200""",12,2026-04-17T07:51:55Z,https://stthomascommunity.com,thin_or_dead,2
medcor-revenue-services,https://www.linkedin.com/company/medcor-revenue-services,"THE MEDCOR GROUP, INC.",1A_fqhc,FQHCs / Community Health Centers,federally qualified health center,51-200,51-200 名員工. 總部: OrangeCA. 類型: 私人所有. 創立時間: 1998. 專長: FQHC Revenue Cycle Management、Federally Qualified Health Center Revenue Cycle Management ...,"site:linkedin.com/company/ ""federally qualified health center"" ""51-200""",28,2026-04-17T07:53:49Z,https://www.medcor.nl,ok,2
terry-reilly-health-services,https://www.linkedin.com/company/terry-reilly-health-services,Terry Reilly Health Services,1A_fqhc,FQHCs / Community Health Centers,community health center,201-500,201-500 名員工. 總部: NampaIdaho. 類型: 非營利組織. 創立時間: 1971. 地點. 主要. 211 ... Idaho Community Health Center Association. 非營利組織. BoiseIdaho · Idaho ...,"site:linkedin.com/company/ ""community health center"" ""201-500""",14,2026-04-17T07:52:40Z,https://www.terry-reilly.com,ok,2
the-center-for-health-design,https://www.linkedin.com/company/the-center-for-health-design,The Center for Health Design,1A_fqhc,FQHCs / Community Health Centers,FQHC,Nov-50,"11-50 employees ... The revitalized campus features a Community Health Hub, upgraded inpatient and outpatient spaces, and new programs including an FQHC ...","site:linkedin.com/company/ ""FQHC"" ""11-50""",5,2026-04-17T07:54:31Z,https://centerforhealth.org,parking,2
the-community-health-center-in-cowley-county-inc,https://www.linkedin.com/company/the-community-health-center-in-cowley-county-inc,"The Community Health Center in Cowley County, Inc.",1A_fqhc,FQHCs / Community Health Centers,community health center,Nov-50,"External link for The Community Health Center in Cowley County, Inc. Industry: Hospitals and Health Care. Company size: 11-50 employees. Headquarters: Winfield ...","site:linkedin.com/company/ ""community health center"" ""11-50""",1,2026-04-17T07:51:02Z,https://communityhealthcenter.org,wrong_entity,2
the-healthcare-connection,https://www.linkedin.com/company/the-healthcare-connection,The HealthCare Connection,1A_fqhc,FQHCs / Community Health Centers,community health center,51-200,"... community health center. The mission is the same today as it was when first ... 51-200 dipendenti. Sede principale: Cincinnati, OH. Tipo: Non profit. Data ...","site:linkedin.com/company/ ""community health center"" ""51-200""",23,2026-04-17T07:52:10Z,https://www.healthcare-connection.org,title_mismatch,2
the-hebets-company,https://www.linkedin.com/company/the-hebets-company,The Hebets Company,1A_fqhc,FQHCs / Community Health Centers,FQHC,Nov-50,11-50 employés ... Learn more at www.hebetsco.com/fqhc/ #FQHCLeadership #PhysicianCompensation #CommunityHealthCenters #ValueCHCs #FQHC #HealthcareLeadership.,"site:linkedin.com/company/ ""FQHC"" ""11-50""",3,2026-04-17T07:54:29Z,https://hebets.org,parking,2
the-wellness-plan-medical-centers,https://www.linkedin.com/company/the-wellness-plan-medical-centers,The Wellness Plan Medical Centers,1A_fqhc,FQHCs / Community Health Centers,federally qualified health center,51-200,"Additionally, TWP is a non-profit 501(c)(3) Federally Qualified Health Center ... 51-200 employés. Siège social: Detroit, Michigan. Type: Non lucratif. Domaines ...","site:linkedin.com/company/ ""federally qualified health center"" ""51-200""",1,2026-04-17T07:53:13Z,https://www.hugedomains.com/domain_profile.cfm?d=wellness-plan.com,parking,2
total-health-care-inc-substance-use-program,https://www.linkedin.com/company/total-health-care-inc-substance-use-program,"Total Health Care, Inc.",1A_fqhc,FQHCs / Community Health Centers,community health center,201-500,"This Federally Qualified Health Center (FQHC) came from the 1989 merger of Constant Care Community Health Center, Inc. ... 201-500 funcionários. Sede ...","site:linkedin.com/company/ ""community health center"" ""201-500""",10,2026-04-17T07:52:34Z,https://www.total-health-care.com,ok,2
golden-state-constrcution-and-total-health-environment,https://www.linkedin.com/company/golden-state-constrcution-and-total-health-environment,Total Health Environment,1A_fqhc,FQHCs / Community Health Centers,FQHC,Nov-50,"11-50 employees. Headquarters: Orange, California. Type: Self-Owned. Founded: 1994. Specialties: Faciltiy Planning, Procurement and Installation of medical and ...","site:linkedin.com/company/ ""FQHC"" ""11-50""",12,2026-04-17T07:54:40Z,https://total-health.com,parking,2
treasure-coast-community-health,https://www.linkedin.com/company/treasure-coast-community-health,Treasure Coast Community Health,1A_fqhc,FQHCs / Community Health Centers,federally qualified health center,201-500,"201-500 employees. Headquarters: Vero Beach, Florida. Type: Nonprofit. Founded ... Federally Qualified Health Center (FQHC).” A huge THANK YOU to all of our ...","site:linkedin.com/company/ ""federally qualified health center"" ""201-500""",8,2026-04-17T07:53:59Z,https://treasurecoastcommunity.com,parking,2
tri-county-family-medicine,https://www.linkedin.com/company/tri-county-family-medicine,"Tri-County Family Medicine Program, Inc.",1A_fqhc,FQHCs / Community Health Centers,federally qualified health center,51-200,"... Federally Qualified Health Center Look-Alike organization ... 51-200 employees. Headquarters: Dansville, New York. Type: Nonprofit.","site:linkedin.com/company/ ""federally qualified health center"" ""51-200""",6,2026-04-17T07:53:19Z,,none,2
trillium-health,https://www.linkedin.com/company/trillium-health,Trillium Health,1A_fqhc,FQHCs / Community Health Centers,community health center,201-500,"Trillium Health, a Community Health Center, provides extraordinary ... 201–500 Beschäftigte. Hauptsitz: Rochester, NY. Art: Nonprofit.","site:linkedin.com/company/ ""community health center"" ""201-500""",4,2026-04-17T07:52:28Z,https://trillium-health.com,wrong_entity,2
ucla-ashe-student-health-center,https://www.linkedin.com/company/ucla-ashe-student-health-center,UCLA Arthur Ashe Student Health & Wellness Center,1A_fqhc,FQHCs / Community Health Centers,community health center,51-200,"51-200 employés. Siège social: Los Angeles, California. Type: Établissement ... PRIME WELLNESS COMMUNITY HEALTH CENTER. Hôpitaux et services de santé. LOS ...","site:linkedin.com/company/ ""community health center"" ""51-200""",8,2026-04-17T07:51:51Z,,none,2
valley-community-health-centers,https://www.linkedin.com/company/valley-community-health-centers,Valley Community Health Centers,1A_fqhc,FQHCs / Community Health Centers,federally qualified health center,Nov-50,... Federally Qualified Health Center (FQHC) that ... Valley Community Health Centers is a Federally Qualified Health Center ... 11–50 ansatte. Hovedkontor: Grand Forks ...,"site:linkedin.com/company/ ""federally qualified health center"" ""11-50""",1,2026-04-17T07:53:03Z,https://www.valleycommunity.org,title_mismatch,2
valley-professionals-community-health-center,https://www.linkedin.com/company/valley-professionals-community-health-center,Valley Professionals Community Health Center,1A_fqhc,FQHCs / Community Health Centers,community health center,201-500,"Valley Professionals Community Health Center | 513 followers on LinkedIn ... 201-500 employees. Headquarters: Clinton, Indiana. Type: Nonprofit. Founded: 2008 ...","site:linkedin.com/company/ ""community health center"" ""201-500""",7,2026-04-17T07:52:31Z,https://valleyprofessionals.com,parking,2
valley-view-health-center,https://www.linkedin.com/company/valley-view-health-center,Valley View Health Center,1A_fqhc,FQHCs / Community Health Centers,federally qualified health center,201-500,"... Federally Qualified Health Center governed by a board of patients, local ... 직원 201-500명. 본사: Washington Chehalis. 유형: 비영리. 설립: 2004. 전문 분야 ...","site:linkedin.com/company/ ""federally qualified health center"" ""201-500""",2,2026-04-17T07:53:52Z,https://www.valleyviewhealth.org,title_mismatch,2
vcha,https://www.linkedin.com/company/vcha,Virginia Community Healthcare Association,1A_fqhc,FQHCs / Community Health Centers,community health center,Nov-50,"11-50 employees. Headquarters: Henrico, Virginia. Type: Nonprofit. Founded: 1980 ... Community Health Center of the New River Valley is preparing to expand.","site:linkedin.com/company/ ""community health center"" ""11-50""",25,2026-04-17T07:51:33Z,https://virginiacommunity.com,parking,2
watts-health-center,https://www.linkedin.com/company/watts-health-center,Watts Healthcare Corporation,1A_fqhc,FQHCs / Community Health Centers,FQHC,201-500,"201-500 pekerja. Ibu pejabat: Los Angeles, California. Jenis: Kebajikan ... FQHC Tim McOsker Mike Gipson Dr. Ayanna E. Davis Los Angeles Sentinel KJLHRADIO ...","site:linkedin.com/company/ ""FQHC"" ""201-500""",2,2026-04-17T07:55:41Z,https://wattshealthcare.org,title_mismatch,2
weco-health,https://www.linkedin.com/company/weco-health,WeCo Health,1A_fqhc,FQHCs / Community Health Centers,FQHC,Nov-50,11-50 employees. Type: Privately Held. Employees at ... Operational models built for large hospital systems often do not translate well into FQHC settings.,"site:linkedin.com/company/ ""FQHC"" ""11-50""",9,2026-04-17T07:54:36Z,https://wecohealth.com,ok,2
wellmore-behavioral-health,https://www.linkedin.com/company/wellmore-behavioral-health,Wellmore Behavioral Health,1A_fqhc,FQHCs / Community Health Centers,community health center,201-500,"201-500 employés. Siège social: Waterbury, CT. Type: Non lucratif. Fondée en: 1951 ... Community Health Center. Hôpitaux et services de santé. Middletown, CT ...","site:linkedin.com/company/ ""community health center"" ""201-500""",15,2026-04-17T07:52:41Z,https://wellmorebehavioralhealth.org/404.html,title_mismatch,2
wesley-community-&-health-center,https://www.linkedin.com/company/wesley-community-&-health-center,Wesley Community & Health Centers,1A_fqhc,FQHCs / Community Health Centers,community health center,51-200,"51-200 employees. Headquarters: Phoenix, Arizona. Type: Nonprofit. Founded: 1950 ... Community Health Center of Yavapai. Hospitals and Health Care. Prescott ...","site:linkedin.com/company/ ""community health center"" ""51-200""",3,2026-04-17T07:51:45Z,https://wesleycommunity.org,needs_review,2
wchchealth,https://www.linkedin.com/company/wchchealth,Westchester Community Health Center,1A_fqhc,FQHCs / Community Health Centers,community health center,201-500,"Westchester Community Health Center | 778 followers on LinkedIn ... 201-500 employees. Headquarters: Mount Vernon, New York. Type: Nonprofit.","site:linkedin.com/company/ ""community health center"" ""201-500""",5,2026-04-17T07:52:29Z,https://westchestercommunityhealthcenter.org,ok,2
westside-healthcare,https://www.linkedin.com/company/westside-healthcare,Westside Healthcare,1A_fqhc,FQHCs / Community Health Centers,community health center,51-200,"51-200 medarbejdere. Hovedkvarter: Milwaukee, WI. Type: Nonprofit. Grundlagt: 2000. Specialer: Community Health Center, Non-Profit, Public Health, Medical ...","site:linkedin.com/company/ ""community health center"" ""51-200""",10,2026-04-17T07:51:53Z,https://www.hugedomains.com/domain_profile.cfm?d=westsidehealthcare.com,parking,2
white-house-clinics,https://www.linkedin.com/company/white-house-clinics,White House Clinics,1A_fqhc,FQHCs / Community Health Centers,community health center,201-500,"201 - 500 çalışan. Genel Merkez: Richmond, Kentucky. Türü: Kâr Amacı Gütmeyen ... Bluegrass Community Health Center. Hastaneler ve Sağlık. Lexington ...","site:linkedin.com/company/ ""community health center"" ""201-500""",19,2026-04-17T07:52:47Z,https://whitehouseclinics.com,ok,2
winters-healthcare,https://www.linkedin.com/company/winters-healthcare,Winters Healthcare,1A_fqhc,FQHCs / Community Health Centers,federally qualified health center,51-200,"Winters Healthcare is a non-profit Federally Qualified Health Center (FQHC) ... 51-200 employés. Siège social: Winters, California. Type: Non lucratif.","site:linkedin.com/company/ ""federally qualified health center"" ""51-200""",3,2026-04-17T07:53:16Z,,none,2
workforce-solutions-group,https://www.linkedin.com/company/workforce-solutions-group,Workforce Solutions Group,1A_fqhc,FQHCs / Community Health Centers,FQHC,51-200,... FQHC and CHC programs. • We are community-focused with a national reach ... 직원 51-200명. 유형: 비상장기업. 설립: 2001. 전문 분야: Recruitment Process ...,"site:linkedin.com/company/ ""FQHC"" ""51-200""",10,2026-04-17T07:55:12Z,https://workforce-solutions-group.com,parking,2
ychc,https://www.linkedin.com/company/ychc,Yakutat Community Health Center,1A_fqhc,FQHCs / Community Health Centers,FQHC,51-200,"... (FQHC) based out of 115 Airport Road, Yakutat, Alaska, United States. It is a ... 51-200 employees. Headquarters: Yakutat, Alaska. Type: Government Agency.","site:linkedin.com/company/ ""FQHC"" ""51-200""",24,2026-04-17T07:55:30Z,,none,2
youthontheirown,https://www.linkedin.com/company/youthontheirown,Youth On Their Own,1A_fqhc,FQHCs / Community Health Centers,community health center,Nov-50,11–50 Beschäftigte. Hauptsitz ... Congratulations as well to Community Food Bank of Southern Arizona and El Rio Community Health Center!,"site:linkedin.com/company/ ""community health center"" ""11-50""",17,2026-04-17T07:51:22Z,https://yoto.org,ok,2
mpath-health,https://www.linkedin.com/company/mpath-health,mPATH Health,1A_fqhc,FQHCs / Community Health Centers,federally qualified health center,Nov-50,"11-50 employees. Headquarters: Winston-Salem, NC. Type: Privately Held ... At Blue Ridge Health, a large FQHC (Federally Qualified Health Center) ...","site:linkedin.com/company/ ""federally qualified health center"" ""11-50""",3,2026-04-17T07:53:05Z,https://www.mpathhealth.com,needs_review,2
ptsource-ny,https://www.linkedin.com/company/ptsource-ny,ptSource,1A_fqhc,FQHCs / Community Health Centers,FQHC,Nov-50,"We support medical practices adhering to compliance standards, ensuring regulatory compliance including HIPAA, alignment with FQHC, and other accrediting body ...","site:linkedin.com/company/ ""FQHC"" ""11-50""",13,2026-04-17T07:54:41Z,https://ptsource.org,parking,2
ace-healthcare-solutions,https://www.linkedin.com/company/ace-healthcare-solutions,ACE Healthcare Solutions,1A_fqhc,FQHCs / Community Health Centers,FQHC,51-200,"Medical Billing Solutions We offer financial independence for FQHC ... 51-200 employees. Headquarters: Ahmedabad, Gujarat. Type: Privately Held. Founded ...","site:linkedin.com/company/ ""FQHC"" ""51-200""",26,2026-04-17T07:55:33Z,https://www.acehealthcaresolutions.com,ok,1
accesshealth,https://www.linkedin.com/company/accesshealth,AccessHealth,1A_fqhc,FQHCs / Community Health Centers,community health center,201-500,"201 - 500 çalışan. Genel Merkez: Beckley, West Virginia. Türü: Kâr Amacı Gütmeyen Kuruluş. Kuruluş: 1967. Konum. Birincil. 252 Rural Acres Drive. Beckley, West ...","site:linkedin.com/company/ ""community health center"" ""201-500""",10,2026-04-17T07:52:34Z,https://www.accesshealth.org,title_mismatch,1
achievablehealth,https://www.linkedin.com/company/achievablehealth,Achievable Health,1A_fqhc,FQHCs / Community Health Centers,federally qualified health center,Nov-50,"... federally qualified health center which opened in 2013 to meet the ... 11-50 employees. Headquarters: Culver City, CA. Type: Nonprofit. Founded: 1996.","site:linkedin.com/company/ ""federally qualified health center"" ""11-50""",1,2026-04-17T07:53:03Z,https://achievablehealth.org,needs_review,1
adaptive-medical-partners,https://www.linkedin.com/company/adaptive-medical-partners,"Adaptive Medical Partners – Provider, Allied, and Executive Recruiting",1A_fqhc,FQHCs / Community Health Centers,FQHC,Nov-50,"11-50 employees. Headquarters: Irving, Texas. Type: Privately Held. Founded: 2010. Specialties: healthcare executive recruiters, healthcare executive recruiting ...","site:linkedin.com/company/ ""FQHC"" ""11-50""",6,2026-04-17T07:54:33Z,https://www.adaptivemedicalpartners.com,ok,1
strategic-administrative-and-reimbursement-services---a-subsidiary-of-advanced-radiology-services,https://www.linkedin.com/company/strategic-administrative-and-reimbursement-services---a-subsidiary-of-advanced-radiology-services,Advanced Radiology Services and Strategic Administrative ...,1A_fqhc,FQHCs / Community Health Centers,community health center,201-500,"201-500 employés. Siège social: Grand Rapids, Michigan. Type: Société civile ... Community Health Center. The 2026 Culinary Cabaret raised over $292,000 ...","site:linkedin.com/company/ ""community health center"" ""201-500""",1,2026-04-17T07:52:25Z,https://www.advancedrad.com,ok,1
aimup-healthcare-solutions-private-limited,https://www.linkedin.com/company/aimup-healthcare-solutions-private-limited,"AimUP Healthcare, LLC",1A_fqhc,FQHCs / Community Health Centers,FQHC,Nov-50,"11-50 employees. Headquarters: Avon, Ohio. Type: Privately Held. Founded: 2019 ... FQHC, and DME. Locations. Primary. Avon, Ohio 44011, US. Get directions.","site:linkedin.com/company/ ""FQHC"" ""11-50""",11,2026-04-17T07:54:39Z,https://aimuphealthcare.com,parking,1
amistad-community-health-center,https://www.linkedin.com/company/amistad-community-health-center,Amistad Community Health Center,1A_fqhc,FQHCs / Community Health Centers,community health center,51-200,"Amistad Community Health Center | 288 followers on LinkedIn. ""Empowering ... 51-200 employees. Headquarters: Corpus Christi, Texas. Type: Nonprofit. Founded ...","site:linkedin.com/company/ ""community health center"" ""51-200""",18,2026-04-17T07:52:03Z,,none,1
acbvi,https://www.linkedin.com/company/acbvi,"Arizona Center for the Blind & Visually Impaired, Inc.",1A_fqhc,FQHCs / Community Health Centers,FQHC,Nov-50,"11-50 employees. Headquarters: Phoenix, Arizona. Type: Nonprofit. Founded: 1947 ... #StrongPartnerships #CommunityImpact #HealthcareAccess #ACBVI #FQHC · View ...","site:linkedin.com/company/ ""FQHC"" ""11-50""",21,2026-04-17T07:54:52Z,http://www.arizona-center.com,wrong_entity,1
arlington-youth-counseling-center,https://www.linkedin.com/company/arlington-youth-counseling-center,Arlington Youth Counseling Center,1A_fqhc,FQHCs / Community Health Centers,community health center,Nov-50,"11 - 50 çalışan. Genel Merkez: Arlington, MA. Türü: Kâr Amacı Gütmeyen Kuruluş ... South Boston Community Health Center. Hastaneler ve Sağlık. South Boston ...","site:linkedin.com/company/ ""community health center"" ""11-50""",18,2026-04-17T07:51:23Z,,none,1
aspen-dental-of-cherry-creek,https://www.linkedin.com/company/aspen-dental-of-cherry-creek,Aspen Dental | Private Practice of Cherry Creek,1A_fqhc,FQHCs / Community Health Centers,community health center,Nov-50,"직원 11-50명. 본사: Colorado Denver. 유형: 상장기업. 설립: 1988. 전문 분야: Filings, Teeth Whitening, Sealants, Veneers, Bonding, Oral Cancer Screenings ...","site:linkedin.com/company/ ""community health center"" ""11-50""",9,2026-04-17T07:51:12Z,https://aspen-dental.com,parking,1
avenal-community-health-center,https://www.linkedin.com/company/avenal-community-health-center,Avenal Community Health Center,1A_fqhc,FQHCs / Community Health Centers,community health center,Nov-50,"Avenal Community Health Center | LinkedIn'de 42 takipçi Avenal Community Health Center Avenal, CA ... 11 - 50 çalışan. Genel Merkez: Avenal, ...","site:linkedin.com/company/ ""community health center"" ""11-50""",30,2026-04-17T07:51:39Z,https://ariachc.org,title_mismatch,1
bhcare,https://www.linkedin.com/company/bhcare,BHcare,1A_fqhc,FQHCs / Community Health Centers,community health center,201-500,"201 - 500 medewerkers. Hoofdkantoor: North Haven, CT. Type: Non-profit. Opgericht ... Community Health Center. Ziekenhuizen en gezondheidszorg. Middletown, CT ...","site:linkedin.com/company/ ""community health center"" ""201-500""",10,2026-04-17T07:52:34Z,https://bhcare.org,needs_review,1
bms-family-health-center,https://www.linkedin.com/company/bms-family-health-center,BMS FAMILY HEALTH AND WELLNESS CENTERS,1A_fqhc,FQHCs / Community Health Centers,federally qualified health center,201-500,"... federally qualified health center. Our goal was, and still is, to provide ... 201-500 employees. Headquarters: Brooklyn, New York. Type: Nonprofit. Founded ...","site:linkedin.com/company/ ""federally qualified health center"" ""201-500""",12,2026-04-17T07:54:04Z,https://bmsfamilyhealth.org,needs_review,1
baycommunityhealth,https://www.linkedin.com/company/baycommunityhealth,Bay Community Health,1A_fqhc,FQHCs / Community Health Centers,FQHC,51-200,"... (FQHC), we are dedicated to serving underserved communities by providing ... 51-200 employés. Siège social: West River, MD. Type: Non lucratif. Fondée en ...","site:linkedin.com/company/ ""FQHC"" ""51-200""",1,2026-04-17T07:55:01Z,https://www.baycommunityhealth.org,ok,1
bedford-commons-ob-gyn,https://www.linkedin.com/company/bedford-commons-ob-gyn,Bedford Commons OB-GYN,1A_fqhc,FQHCs / Community Health Centers,community health center,51-200,"51-200 employés. Siège social: Bedford, New Hampshire. Type: Société civile ... Hampton Roads Community Health Center. Hôpitaux et services de santé. Norfolk ...","site:linkedin.com/company/ ""community health center"" ""51-200""",12,2026-04-17T07:51:55Z,https://bedfordcommons.com,ok,1
better-life-therapy,https://www.linkedin.com/company/better-life-therapy,Better Life Therapy,1A_fqhc,FQHCs / Community Health Centers,community health center,Nov-50,"11-50 employees. Headquarters: Denver, Colorado. Type: Privately Held. Locations ... Tepeyac Community Health Center. Hospitals and Health Care. Denver, CO ...","site:linkedin.com/company/ ""community health center"" ""11-50""",12,2026-04-17T07:51:15Z,https://www.better-life-therapy.com,title_mismatch,1
bluegrass-community-health-center,https://www.linkedin.com/company/bluegrass-community-health-center,Bluegrass Community Health Center,1A_fqhc,FQHCs / Community Health Centers,community health center,51-200,"Bluegrass Community Health Center | 242 followers on LinkedIn. Better ... 51-200 employees. Headquarters: Lexington, Kentucky. Type: Nonprofit. Founded ...","site:linkedin.com/company/ ""community health center"" ""51-200""",12,2026-04-17T07:51:55Z,,none,1
boulder-valley-women%27s-health-center,https://www.linkedin.com/company/boulder-valley-women%27s-health-center,Boulder Valley Health Center,1A_fqhc,FQHCs / Community Health Centers,community health center,Nov-50,"11 - 50 çalışan. Genel Merkez: Boulder, CO. Türü: Kâr Amacı Gütmeyen Kuruluş ... Benzer sayfalar. STRIDE Community Health Center. Hastaneler ve Sağlık. Denver ...","site:linkedin.com/company/ ""community health center"" ""11-50""",9,2026-04-17T07:51:12Z,https://bouldervalleyhealth.org,ok,1
bowman-plating-co-inc,https://www.linkedin.com/company/bowman-plating-co-inc,Bowman Plating Co Inc,1A_fqhc,FQHCs / Community Health Centers,community health center,Nov-50,"11-50 עובדים. משרדים ראשיים: Compton, California. מיקומים. 2631E 126th St ... Central City Community Health Center. Hospitals and Health Care. ‏Monterey Park ...","site:linkedin.com/company/ ""community health center"" ""11-50""",21,2026-04-17T07:51:27Z,https://bowmanplating.com,ok,1
bristol-healthcare-services,https://www.linkedin.com/company/bristol-healthcare-services,"Bristol Healthcare Services, Inc.",1A_fqhc,FQHCs / Community Health Centers,FQHC,201-500,"201-500 dipendenti. Sede principale: Los Angeles, CA. Tipo: Società privata non ... FQHC, General Medicine, Anesthesiology, Ambulatory, Chiropractic , DME ...","site:linkedin.com/company/ ""FQHC"" ""201-500""",3,2026-04-17T07:55:42Z,https://bristolhealthcare.com,parking,1
bedford-stuyvesant-family-health-center,https://www.linkedin.com/company/bedford-stuyvesant-family-health-center,Brooklyn Plaza Medical Center,1A_fqhc,FQHCs / Community Health Centers,federally qualified health center,51-200,The Bedford Stuyvesant Family Health Center is a free standing not-for-profit Federally Qualified Health Center. ... 51-200 employés. Type: Non lucratif ...,"site:linkedin.com/company/ ""federally qualified health center"" ""51-200""",6,2026-04-17T07:53:19Z,https://www.brooklynplaza.org,title_mismatch,1
buffalo-city-mission,https://www.linkedin.com/company/buffalo-city-mission,Buffalo City Mission,1A_fqhc,FQHCs / Community Health Centers,community health center,51-200,"51-200 employees ... Similar pages. Child and Family Services of Erie County, Inc. Non-profit Organizations. Buffalo, NY · Jericho Road Community Health Center.","site:linkedin.com/company/ ""community health center"" ""51-200""",4,2026-04-17T07:51:46Z,https://www.buffalocitymission.org,thin_or_dead,1
cstrategieschi,https://www.linkedin.com/company/cstrategieschi,C-Strategies Inc.,1A_fqhc,FQHCs / Community Health Centers,federally qualified health center,Nov-50,"11-50 employees. Headquarters: CHICAGO, Illinois. Type: Privately Held. Founded ... Federally Qualified Health Center in the region. She oversees all ...","site:linkedin.com/company/ ""federally qualified health center"" ""11-50""",7,2026-04-17T07:53:09Z,https://c-strategies.org,parking,1
camcare-health-co-op,https://www.linkedin.com/company/camcare-health-co-op,CAMcare Health Corporation,1A_fqhc,FQHCs / Community Health Centers,FQHC,201-500,"... (FQHC) that has been a trusted name in providing top ... 201-500 employees. Headquarters: Camden, New Jersey. Type: Nonprofit.","site:linkedin.com/company/ ""FQHC"" ""201-500""",20,2026-04-17T07:56:02Z,https://camcarehealth.com,parking,1
coastal-community-health-services-inc,https://www.linkedin.com/company/coastal-community-health-services-inc,COASTAL COMMUNITY HEALTH,1A_fqhc,FQHCs / Community Health Centers,community health center,Nov-50,11-50 人. 总部: Brunswick，Georgia. 类型: 非营利机构. 创立: 2013. 领域: family ... Hardeman County Community Health Center. 医疗机构. Bolivar，TN · J C Lewis ...,"site:linkedin.com/company/ ""community health center"" ""11-50""",3,2026-04-17T07:51:04Z,https://www.coastalcommunityhealth.com,title_mismatch,1
caliper-analytics,https://www.linkedin.com/company/caliper-analytics,Caliper,1A_fqhc,FQHCs / Community Health Centers,FQHC,Nov-50,"11-50 employees. Headquarters: San Diego, California. Type: Privately Held ... FQHC #HealthEquity. No alternative text description for this image. 8 · Like ...","site:linkedin.com/company/ ""FQHC"" ""11-50""",13,2026-04-17T07:54:41Z,https://www.caliper.com/maptitude/mapping-software.htm,ok_loc_only,1
caresouth-medical-dental,https://www.linkedin.com/company/caresouth-medical-dental,CareSouth Medical & Dental,1A_fqhc,FQHCs / Community Health Centers,federally qualified health center,51-200,CareSouth Medical & Dental | 402 pengikut di LinkedIn. CareSouth is a private non-profit Federally Qualified Health Center ... 51-200 pekerja. Ibu pejabat ...,"site:linkedin.com/company/ ""federally qualified health center"" ""51-200""",21,2026-04-17T07:53:38Z,,none,1
catherine's-health-center,https://www.linkedin.com/company/catherine's-health-center,Catherine's Health Center,1A_fqhc,FQHCs / Community Health Centers,federally qualified health center,51-200,"... Federally Qualified Health Center (FQHC) in 2020, Catherine's continues to ... 51-200 employees. Headquarters: Wyoming, Michigan. Type: Nonprofit. Founded ...","site:linkedin.com/company/ ""federally qualified health center"" ""51-200""",16,2026-04-17T07:53:31Z,https://www.catherines.com,wrong_entity,1
celebrating-life-community-health-center,https://www.linkedin.com/company/celebrating-life-community-health-center,Celebrating Life Community Health Center,1A_fqhc,FQHCs / Community Health Centers,federally qualified health center,201-500,... Federally Qualified Health Center (FQHC) look-alike health center located in ... 201-500 employees. Type: Nonprofit. Founded: 2018. Employees at Celebrating ...,"site:linkedin.com/company/ ""federally qualified health center"" ""201-500""",9,2026-04-17T07:54:00Z,https://expireddomains.com/domain/celebrating-life.com,ok,1
centerforfamilyhealth&education,https://www.linkedin.com/company/centerforfamilyhealth&education,Center for Family Health & Education,1A_fqhc,FQHCs / Community Health Centers,community health center,Nov-50,"11 - 50 çalışan. Genel Merkez: Panorama City, California. Türü: Kâr Amacı ... Kedren Community Health Center, Inc. Hastaneler ve Sağlık. Los Angeles ...","site:linkedin.com/company/ ""community health center"" ""11-50""",12,2026-04-17T07:51:15Z,https://centerforfamily.org,parking,1
centerpoint-health,https://www.linkedin.com/company/centerpoint-health,Centerpoint Health,1A_fqhc,FQHCs / Community Health Centers,FQHC,51-200,51-200 人. 总部: Franklin，Ohio. 类型: 非营利机构. 创立: 2014. 领域: Medical ... #NewCEO #FQHC #HealthcareCenteredOnYou Learn more at: www.centerpointhealth ...,"site:linkedin.com/company/ ""FQHC"" ""51-200""",6,2026-04-17T07:55:06Z,https://www.centerpointhealth.org,needs_review,1
central-coast-oral-maxillofacial-surgery,https://www.linkedin.com/company/central-coast-oral-maxillofacial-surgery,Central Coast Oral & Maxillofacial Surgery,1A_fqhc,FQHCs / Community Health Centers,community health center,Nov-50,"11–50 ansatte. Hovedkontor: San Luis Obispo, California. Type: Ansvarlig bedrift ... Tilsvarende sider. COMMUNITY HEALTH CENTER OF THE CENTRAL COAST INC.","site:linkedin.com/company/ ""community health center"" ""11-50""",27,2026-04-17T07:51:36Z,https://central-coast.com,parking,1
cerebro-neurotech,https://www.linkedin.com/company/cerebro-neurotech,"Cerebro NeuroTech, Inc.",1A_fqhc,FQHCs / Community Health Centers,community health center,Nov-50,"11-50 employees. Headquarters: Birmingham, Alabama. Type: Privately Held. Founded ... Community Health Center of Buffalo, Inc. 1,435 followers. 7mo Edited.","site:linkedin.com/company/ ""community health center"" ""11-50""",13,2026-04-17T07:51:17Z,https://cerebroneurotech.notion.site/Cerebro-NeuroTech-Inc-305f6bf5f66e80108baeda2cc71d5456,wrong_entity,1
chad-management-group,https://www.linkedin.com/company/chad-management-group,Chad Management Group,1A_fqhc,FQHCs / Community Health Centers,community health center,Nov-50,"11–50 anställda. Huvudkontor: Toronto, ON. Typ: Privatägt företag. Grundat: 1981 ... Community Health Center Implementation (11 Month Contract) at Chad ...","site:linkedin.com/company/ ""community health center"" ""11-50""",14,2026-04-17T07:51:18Z,http://www.chadmanagement.com/,parking,1
chattanooga-cares,https://www.linkedin.com/company/chattanooga-cares,Chattanooga CARES,1A_fqhc,FQHCs / Community Health Centers,community health center,Nov-50,"직원 11-50명. 본사: Tennessee Chattanooga. 유형: 비영리. 설립: 1986. 전문 분야: HIV ... 비슷한 페이지. Feminology, LLC. 대외홍보 서비스. TN Chattanooga ...","site:linkedin.com/company/ ""community health center"" ""11-50""",12,2026-04-17T07:51:15Z,,none,1
christcommunityhealthservices,https://www.linkedin.com/company/christcommunityhealthservices,Christ Community Health Services West Tennessee,1A_fqhc,FQHCs / Community Health Centers,FQHC,201-500,"201-500 empleyado. Headquarters: Memphis, Tennessee. Uri: Nonprofit. Itinatag ... FQHC. Mga Lokasyon. Pangunahin. 2670 Union Avenue Ext. Memphis, Tennessee ...","site:linkedin.com/company/ ""FQHC"" ""201-500""",5,2026-04-17T07:55:45Z,https://www.christcommunityhealth.org,ok_loc_only,1
health-department-cincinnati,https://www.linkedin.com/company/health-department-cincinnati,Cincinnati Health Department,1A_fqhc,FQHCs / Community Health Centers,federally qualified health center,Nov-50,"... Federally Qualified Health Center (FQHC) designation status and serves over ... 11 - 50 çalışan. Genel Merkez: Cincinnati, Ohio. Türü: Devlet Dairesi.","site:linkedin.com/company/ ""federally qualified health center"" ""11-50""",5,2026-04-17T07:53:07Z,https://cincinnatihealth.org,needs_review,1
circlehealthservices,https://www.linkedin.com/company/circlehealthservices,Circle Health Services,1A_fqhc,FQHCs / Community Health Centers,federally qualified health center,51-200,"Circle Health Services, now affiliated with The Centers for Families and Children, is a nonprofit Federally Qualified Health Center ... 51-200 karyawan.","site:linkedin.com/company/ ""federally qualified health center"" ""51-200""",23,2026-04-17T07:53:41Z,https://www.tuftsmedicine.org,wrong_entity,1
community-health-action,https://www.linkedin.com/company/community-health-action,Community Health Action of Staten Island,1A_fqhc,FQHCs / Community Health Centers,community health center,51-200,"51-200 employees ... A special thank you to the many members and community partners who stepped up to donate, including Community Health Center ...","site:linkedin.com/company/ ""community health center"" ""51-200""",6,2026-04-17T07:51:48Z,https://community-health.com,parking,1
community-health-alliance-nevada,https://www.linkedin.com/company/community-health-alliance-nevada,Community Health Alliance Nevada,1A_fqhc,FQHCs / Community Health Centers,federally qualified health center,201-500,"Community Health Alliance is the largest Federally Qualified Health Center ... 201-500 employees. Headquarters: Reno, Nevada. Type: Nonprofit. Founded: 2012.","site:linkedin.com/company/ ""federally qualified health center"" ""201-500""",23,2026-04-17T07:54:18Z,https://community-health-alliance.org,title_mismatch,1
chcact,https://www.linkedin.com/company/chcact,Community Health Center Association of Connecticut,1A_fqhc,FQHCs / Community Health Centers,FQHC,Nov-50,"11-50 employees. Headquarters: Cheshire, CT. Type: Nonprofit. Founded: 1989 ... fqhc. Locations. Primary. 1484 Highland Avenue. Suite 2. Cheshire, CT 06410, US.","site:linkedin.com/company/ ""FQHC"" ""11-50""",9,2026-04-17T07:54:36Z,https://communityhealthcenter.org,title_mismatch,1
community-health-center-network,https://www.linkedin.com/company/community-health-center-network,Community Health Center Network,1A_fqhc,FQHCs / Community Health Centers,community health center,51-200,"Community Health Center Network | 13097 followers on LinkedIn ... 51-200 employees. Headquarters: San Leandro, CA. Type: Nonprofit. Founded ...","site:linkedin.com/company/ ""community health center"" ""51-200""",15,2026-04-17T07:51:59Z,https://communityhealthcenter.org,title_mismatch,1
chcy,https://www.linkedin.com/company/chcy,Community Health Center of Yavapai,1A_fqhc,FQHCs / Community Health Centers,community health center,201-500,"Community Health Center of Yavapai | LinkedIn'de 103 takipçi Where ... 201 - 500 çalışan. Genel Merkez: Prescott, Arizona. Türü: Kâr Amacı Gütmeyen ...","site:linkedin.com/company/ ""community health center"" ""201-500""",14,2026-04-17T07:52:40Z,https://communityhealthcenter.org,title_mismatch,1
community-health-center-of-the-north-country,https://www.linkedin.com/company/community-health-center-of-the-north-country,Community Health Center of the North Country,1A_fqhc,FQHCs / Community Health Centers,community health center,201-500,"Community Health Center of the North Country | 651 Follower:innen auf LinkedIn ... 201–500 Beschäftigte. Hauptsitz: Canton, New York. Art: Nonprofit. Gegründet ...","site:linkedin.com/company/ ""community health center"" ""201-500""",11,2026-04-17T07:52:36Z,https://communityhealthcenter.org,wrong_entity,1
communityhealthok,https://www.linkedin.com/company/communityhealthok,Community Health Centers of Oklahoma,1A_fqhc,FQHCs / Community Health Centers,community health center,51-200,"51–200 Beschäftigte. Hauptsitz: Spencer, Oklahoma. Art: Nonprofit. Gegründet: 1971 ... North Texas Area Community Health Center, Inc. Arztpraxen. Fort Worth ...","site:linkedin.com/company/ ""community health center"" ""51-200""",21,2026-04-17T07:52:07Z,https://www.communityhealthcenters.org,title_mismatch,1
community-health-connections-inc.,https://www.linkedin.com/company/community-health-connections-inc.,Community Health Connections,1A_fqhc,FQHCs / Community Health Centers,community health center,201-500,"201-500 employees. Headquarters: Fitchburg, Massachusetts. Type ... “It's really a great opportunity to check out our community health center ...","site:linkedin.com/company/ ""community health center"" ""201-500""",17,2026-04-17T07:52:44Z,https://communityhealthconnections.org,parking,1
community-health-northwest-florida,https://www.linkedin.com/company/community-health-northwest-florida,Community Health Northwest Florida,1A_fqhc,FQHCs / Community Health Centers,FQHC,201-500,"201-500 employees. Headquarters: Pensacola, Florida. Type: Nonprofit. Founded ... Experience in an FQHC is a plus — we're a Federally Qualified Health ...","site:linkedin.com/company/ ""FQHC"" ""201-500""",18,2026-04-17T07:56:00Z,https://community-health.com,parking,1
community-health-programs-berkshire-county-massachusetts,https://www.linkedin.com/company/community-health-programs-berkshire-county-massachusetts,"Community Health Programs, Berkshire County Massachusetts",1A_fqhc,FQHCs / Community Health Centers,federally qualified health center,51-200,Community Health Programs (CHP) is a Federally Qualified Health Center (FQHC) ... 51-200 medarbejdere. Type: Nonprofit. Grundlagt: 1975. Specialer ...,"site:linkedin.com/company/ ""federally qualified health center"" ""51-200""",14,2026-04-17T07:53:29Z,https://communityhealthprograms.org,parking,1
community-healthcare-center-of-wichita-falls,https://www.linkedin.com/company/community-healthcare-center-of-wichita-falls,Community Healthcare Center of Wichita Falls,1A_fqhc,FQHCs / Community Health Centers,FQHC,201-500,"201-500 employees. Headquarters: Wichita Falls, Texas. Type: Nonprofit ... He most recently served as Chief Executive Officer of an FQHC in the Houston ...","site:linkedin.com/company/ ""FQHC"" ""201-500""",6,2026-04-17T07:55:46Z,https://www.RogueFishMedia.com,wrong_entity,1
community-campus-partnerships-for-health,https://www.linkedin.com/company/community-campus-partnerships-for-health,Community-Campus Partnerships for Health,1A_fqhc,FQHCs / Community Health Centers,community health center,Nov-50,11-50 karyawan. Kantor Pusat: Raleigh. Jenis: Nirlaba. Tahun Pendirian: 1997 ... Community Health Center of Yavapai. Rumah Sakit dan Pelayanan Kesehatan.,"site:linkedin.com/company/ ""community health center"" ""11-50""",6,2026-04-17T07:51:08Z,,none,1
compass-medical-billing-services,https://www.linkedin.com/company/compass-medical-billing-services,Compass Medical Billing Services,1A_fqhc,FQHCs / Community Health Centers,FQHC,Nov-50,"11-50 employees. Headquarters: Bridgeport, Connecticut. Type: Privately ... FQHC, Physical Therapy, Chiropractic, and Cardiology. Locations. Primary. 1000 ...","site:linkedin.com/company/ ""FQHC"" ""11-50""",20,2026-04-17T07:54:51Z,https://www.compassmedicalbilling.com,title_mismatch,1
compassionhealthcare,https://www.linkedin.com/company/compassionhealthcare,"Compassion Health Care, Inc.",1A_fqhc,FQHCs / Community Health Centers,FQHC,51-200,"External link for Compassion Health Care, Inc. Industry: Medical Practices. Company size: 51-200 employees ... FQHC Frontline This report provides a practical ...","site:linkedin.com/company/ ""FQHC"" ""51-200""",16,2026-04-17T07:55:20Z,https://compassionhealthcare.org,ok,1
computer-deductions-inc.,https://www.linkedin.com/company/computer-deductions-inc.,Computer Deductions Inc.,1A_fqhc,FQHCs / Community Health Centers,community health center,Nov-50,"11-50 employés. Siège social: Orangevale, CA. Type: Société cotée en bourse ... ParkTree Community Health Center. Hôpitaux et services de santé. Pomona ...","site:linkedin.com/company/ ""community health center"" ""11-50""",12,2026-04-17T07:51:15Z,,none,1
cornell-health-services,https://www.linkedin.com/company/cornell-health-services,Cornell Health Services,1A_fqhc,FQHCs / Community Health Centers,community health center,Nov-50,"11-50 עובדים. משרדים ראשיים: Cornell, WI. התמחויות. מיקומים. הראשי. 320 N. 7th ... MY COMMUNITY HEALTH CENTER. Hospitals and Health Care. ‏Canton‏, ‏Ohio ...","site:linkedin.com/company/ ""community health center"" ""11-50""",13,2026-04-17T07:51:17Z,https://www.hugedomains.com/domain_profile.cfm?d=cornellhealth.com,parking,1
cosmo-health-center,https://www.linkedin.com/company/cosmo-health-center,"Cosmo Health Center, FQHC",1A_fqhc,FQHCs / Community Health Centers,FQHC,Nov-50,"External link for Cosmo Health Center, FQHC. Industry: Medical Practices. Company size: 11-50 employees. Headquarters: Norcross, Georgia. Type: Nonprofit.","site:linkedin.com/company/ ""FQHC"" ""11-50""",3,2026-04-17T07:54:29Z,https://cosmo-health.com,parking,1
countryside-health-center,https://www.linkedin.com/company/countryside-health-center,Countryside Health Center,1A_fqhc,FQHCs / Community Health Centers,community health center,51-200,"51-200 employees. Headquarters: Buchanan, Georgia. Type: Privately Held. Specialties: Clinical Services, Therapy Services, On site physician services, and 24hr ...","site:linkedin.com/company/ ""community health center"" ""51-200""",21,2026-04-17T07:52:07Z,https://www.chc.org,wrong_entity,1
crider-health-center,https://www.linkedin.com/company/crider-health-center,Crider Health Center,1A_fqhc,FQHCs / Community Health Centers,community health center,201-500,"Crider Health Center is a non-profit community health center that provides a ... 201–500 Beschäftigte. Hauptsitz: Wentzville, Missouri. Art: Nonprofit.","site:linkedin.com/company/ ""community health center"" ""201-500""",5,2026-04-17T07:52:29Z,https://www.chc.org,wrong_entity,1
crossing-healthcare,https://www.linkedin.com/company/crossing-healthcare,Crossing Healthcare,1A_fqhc,FQHCs / Community Health Centers,community health center,51-200,"51 - 200 çalışan. Genel Merkez: Decatur, Illinois. Türü: Kâr Amacı Gütmeyen ... Christian Community Health Center. Hastaneler ve Sağlık. Chicago, Illinois ...","site:linkedin.com/company/ ""community health center"" ""51-200""",7,2026-04-17T07:51:50Z,https://www.crossinghealthcare.org,ok,1
delta-health-center-inc.,https://www.linkedin.com/company/delta-health-center-inc.,DELTA HEALTH CENTER INC.,1A_fqhc,FQHCs / Community Health Centers,community health center,51-200,"... community health center movement. Its mission is ... 51–200 Beschäftigte. Hauptsitz: MOUND BAYOU, Mississippi. Art: Nonprofit. Gegründet: 1965 ... Community Health ...","site:linkedin.com/company/ ""community health center"" ""51-200""",1,2026-04-17T07:51:43Z,https://www.deltahealthcenter.org,ok,1
damian-family-care-ctr,https://www.linkedin.com/company/damian-family-care-ctr,"Damian Family Care Centers, Inc.",1A_fqhc,FQHCs / Community Health Centers,federally qualified health center,51-200,"... Federally Qualified Health Center (FQHC) Damian Family Care Centers, Inc ... 51 - 200 çalışan. Genel Merkez: Briarwood, New York. Türü: Kâr Amacı Gütmeyen ...","site:linkedin.com/company/ ""federally qualified health center"" ""51-200""",22,2026-04-17T07:53:40Z,http://damianfamily.com,thin_or_dead,1
david-raines-community-health-centers,https://www.linkedin.com/company/david-raines-community-health-centers,David Raines Community Health Centers,1A_fqhc,FQHCs / Community Health Centers,community health center,51-200,"51-200 employees. Headquarters: Shreveport, LA. Type: Nonprofit. Founded: 1992 ... David Raines Community Health Center. Similar pages. Viteri Accounting and ...","site:linkedin.com/company/ ""community health center"" ""51-200""",24,2026-04-17T07:52:11Z,https://www.davidraineschc.org,title_mismatch,1
direct-federal-credit-union,https://www.linkedin.com/company/direct-federal-credit-union,Direct Federal Credit Union,1A_fqhc,FQHCs / Community Health Centers,community health center,51-200,"51–200 Beschäftigte. Hauptsitz: Needham, MA. Art: Nonprofit. Gegründet: 1953 ... Community Health Center Capital Fund. Finanzdienstleistungen. Boston ...","site:linkedin.com/company/ ""community health center"" ""51-200""",8,2026-04-17T07:51:51Z,,none,1
east-central-district-health-department-good-neighbor-community-health-center,https://www.linkedin.com/company/east-central-district-health-department-good-neighbor-community-health-center,East Central District Health Department/Good Neighbor Community ...,1A_fqhc,FQHCs / Community Health Centers,community health center,51-200,East Central District Health Department/Good Neighbor Community Health Center | 240 followers on LinkedIn ... 51-200 employees. Headquarters: Columbus ...,"site:linkedin.com/company/ ""community health center"" ""51-200""",13,2026-04-17T07:51:56Z,https://www.east-central.org,ok,1
esrhs,https://www.linkedin.com/company/esrhs,"Eastern Shore Rural Health System, Inc.",1A_fqhc,FQHCs / Community Health Centers,federally qualified health center,201-500,"... Federally Qualified Health Center. Services include medical, dental, and mental health ... 201-500 employees. Headquarters: Onancock, Virginia. Type ...","site:linkedin.com/company/ ""federally qualified health center"" ""201-500""",20,2026-04-17T07:54:14Z,https://eastern-shore.com,parking,1
el-centro-de-coraz-n,https://www.linkedin.com/company/el-centro-de-coraz-n,El Centro de Corazón,1A_fqhc,FQHCs / Community Health Centers,federally qualified health center,51-200,"... Federally Qualified Health Center (FQHC) with two health center locations ... 51–200 Beschäftigte. Hauptsitz: Houston, TX. Art: Nonprofit. Gegründet: 1994.","site:linkedin.com/company/ ""federally qualified health center"" ""51-200""",1,2026-04-17T07:53:13Z,https://www.translate.com,title_mismatch,1
elevated-community-health,https://www.linkedin.com/company/elevated-community-health,Elevated Community Health,1A_fqhc,FQHCs / Community Health Centers,FQHC,51-200,"FQHC offering integrated medical, dental and behavioral health services in Summit, Lake, and Park Counties, Colorado.","site:linkedin.com/company/ ""FQHC"" ""51-200""",14,2026-04-17T07:55:17Z,https://elevatedch.org,ok,1
alternatives-to-violence-in-red-bluff,https://www.linkedin.com/company/alternatives-to-violence-in-red-bluff,Empower Tehama,1A_fqhc,FQHCs / Community Health Centers,community health center,Nov-50,"11-50 עובדים. משרדים ראשיים: Red Bluff, CA. סוג: Nonprofit. הקמה: 1994. התמחויות ... Shasta Community Health Center. Medical Practices. ‏Redding‏, ‏California ...","site:linkedin.com/company/ ""community health center"" ""11-50""",22,2026-04-17T07:51:28Z,https://empowertehama.org,ok,1
empowerufqhc,https://www.linkedin.com/company/empowerufqhc,Empower U Community Health Center,1A_fqhc,FQHCs / Community Health Centers,community health center,51-200,"Empower U Community Health Center | 228 followers on LinkedIn. In 1999 ... 51-200 employees. Headquarters: Miami, Florida. Type: Nonprofit. Founded: 1999.","site:linkedin.com/company/ ""community health center"" ""51-200""",20,2026-04-17T07:52:05Z,https://www.empower-u.net,title_mismatch,1
fairfieldhealth,https://www.linkedin.com/company/fairfieldhealth,Fairfield County Health Department,1A_fqhc,FQHCs / Community Health Centers,community health center,Nov-50,11-50 employees ... This cabinet can be found at Integrated Services for Behavioral Health on the second floor of Fairfield Community Health Center in Lancaster.,"site:linkedin.com/company/ ""community health center"" ""11-50""",4,2026-04-17T07:51:05Z,https://fairfield-county.com,wrong_entity,1
familiestogetheroc,https://www.linkedin.com/company/familiestogetheroc,Families Together of Orange County Community Health Center,1A_fqhc,FQHCs / Community Health Centers,community health center,201-500,Families Together of Orange County Community Health Center的外部链接. 所属行业: 医院和医疗保健. 规模: 201-500 人. 总部: Tustin，California. 类型: 非营利机构.,"site:linkedin.com/company/ ""community health center"" ""201-500""",4,2026-04-17T07:52:28Z,https://families-together.org,parking,1
family-centers,https://www.linkedin.com/company/family-centers,Family Centers,1A_fqhc,FQHCs / Community Health Centers,community health center,201-500,"201-500 employés. Siège social: Greenwich, CT. Type: Non lucratif. Fondée ... Community Health Center. Hôpitaux et services de santé.","site:linkedin.com/company/ ""community health center"" ""201-500""",6,2026-04-17T07:52:30Z,https://familycenters.org,needs_review,1
vincennes-family-health-center,https://www.linkedin.com/company/vincennes-family-health-center,Family Health Center,1A_fqhc,FQHCs / Community Health Centers,community health center,201-500,"201-500 employees. Headquarters: Vincennes, Indiana. Type: Nonprofit. Founded ... HealthLinc Community Health Center. Hospitals and Health Care. Valparaiso ...","site:linkedin.com/company/ ""community health center"" ""201-500""",6,2026-04-17T07:52:30Z,https://familyhealthcenter.org,needs_review,1
family-health-services-fhsec,https://www.linkedin.com/company/family-health-services-fhsec,"Family Health Services, LLC",1A_fqhc,FQHCs / Community Health Centers,federally qualified health center,51-200,"Family Health Services is a non-profit, Federally Qualified Health Center (FQHC) that serves Erie and Huron Counties. We specialize in providing quality, ...","site:linkedin.com/company/ ""federally qualified health center"" ""51-200""",1,2026-04-17T07:53:13Z,https://familyhealthservices.org,ok,1
financial-health-strategies,https://www.linkedin.com/company/financial-health-strategies,Financial Health Strategies,1A_fqhc,FQHCs / Community Health Centers,FQHC,201-500,"As opposed to collection agencies, Financial Health has unparalleled expertise in Medicaid, Patient Pay, and FQHC ... 201–500 ansatte. Hovedkontor: Gaithersburg, ...","site:linkedin.com/company/ ""FQHC"" ""201-500""",2,2026-04-17T07:55:41Z,http://financial-health.org,thin_or_dead,1
fivebase,https://www.linkedin.com/company/fivebase,Fivebase,1A_fqhc,FQHCs / Community Health Centers,FQHC,Nov-50,"... FQHC program technical integration - Implementation and integration ... 11-50 employees. Headquarters: Hampton, NJ. Type: Privately Held. Founded: 2009.","site:linkedin.com/company/ ""FQHC"" ""11-50""",13,2026-04-17T07:54:41Z,https://www.fivebase.com,ok,1
fix-healthcare-technology-llc,https://www.linkedin.com/company/fix-healthcare-technology-llc,"Fix Healthcare Technology, LLC",1A_fqhc,FQHCs / Community Health Centers,federally qualified health center,Nov-50,"11-50 employees. Headquarters: Macungie, Pennsylvania. Type: Privately Held ... ✓ A federally qualified health center in Illinois had 1000+ uncompensated ...","site:linkedin.com/company/ ""federally qualified health center"" ""11-50""",3,2026-04-17T07:53:05Z,https://fixht.com,ok,1
florida-community-health-centers-inc.,https://www.linkedin.com/company/florida-community-health-centers-inc.,"Florida Community Health Centers, Inc.",1A_fqhc,FQHCs / Community Health Centers,community health center,201-500,"... Community Health Center providing accessible, cost-effective, high ... 201-500 employees. Headquarters: West Palm Beach, Fl. Type: Nonprofit.","site:linkedin.com/company/ ""community health center"" ""201-500""",18,2026-04-17T07:52:45Z,http://floridacommunity.com/cgi-sys/suspendedpage.cgi,title_mismatch,1
frontrunnerhc,https://www.linkedin.com/company/frontrunnerhc,FrontRunnerHC,1A_fqhc,FQHCs / Community Health Centers,FQHC,Nov-50,11-50 名員工. 總部: PlymouthMA. 類型: 私人所有. 創立時間: 2010. 專長: Medical ... Yet FQHC teams often spend hours trying to answer simple questions like ...,"site:linkedin.com/company/ ""FQHC"" ""11-50""",5,2026-04-17T07:54:31Z,https://www.frontrunnerhc.com,title_mismatch,1
gmhc,https://www.linkedin.com/company/gmhc,GMHC,1A_fqhc,FQHCs / Community Health Centers,community health center,51-200,51-200 人. 总部: New York，NY. 类型: 非营利机构. 地点. 主要. 307 West 38th Street ... 相似主页. Callen-Lorde Community Health Center. 医院和医疗保健. New York ...,"site:linkedin.com/company/ ""community health center"" ""51-200""",25,2026-04-17T07:52:13Z,https://gmhc.org,ok,1
gila-valley-clinic-pc,https://www.linkedin.com/company/gila-valley-clinic-pc,Gila Valley Clinic Pc,1A_fqhc,FQHCs / Community Health Centers,community health center,Nov-50,"11-50 empleyado. Headquarters: Safford, Arizona. Mga Lokasyon. 2016 W 16th St ... Aria Community Health Center. Mga Medical Practice. Lemoore, California ...","site:linkedin.com/company/ ""community health center"" ""11-50""",14,2026-04-17T07:51:18Z,https://gilavalleyclinic.com,ok,1
glacier-community-health-center,https://www.linkedin.com/company/glacier-community-health-center,Glacier Community Health Center,1A_fqhc,FQHCs / Community Health Centers,community health center,Nov-50,"Lien externe pour Glacier Community Health Center. Secteur: Hôpitaux et services de santé. Taille de l'entreprise: 11-50 employés. Siège social: Cut Bank, MT.","site:linkedin.com/company/ ""community health center"" ""11-50""",21,2026-04-17T07:51:27Z,,none,1
gracehealthky,https://www.linkedin.com/company/gracehealthky,Grace Health,1A_fqhc,FQHCs / Community Health Centers,community health center,201-500,"201-500 employees. Headquarters: Corbin, Kentucky. Type: Nonprofit. Founded: 2008 ... Bluegrass Community Health Center. Hospitals and Health Care. Lexington ...","site:linkedin.com/company/ ""community health center"" ""201-500""",24,2026-04-17T07:52:54Z,https://grace-health.com,title_mismatch,1
greater-chattanooga-orthodontics,https://www.linkedin.com/company/greater-chattanooga-orthodontics,Greater Chattanooga Orthodontics,1A_fqhc,FQHCs / Community Health Centers,community health center,Nov-50,직원 11-50명. 본사: Tennessee CHATTANOOGA. 유형: 개인사업. 전문 분야: Orthodontics ... Konza Prairie Community Health Center. 병원·보건. Kansas Junction City ...,"site:linkedin.com/company/ ""community health center"" ""11-50""",5,2026-04-17T07:51:07Z,https://greaterchattanoogaorthodontics.com,ok,1
harrington-family-health-center,https://www.linkedin.com/company/harrington-family-health-center,Harrington Family Health Center,1A_fqhc,FQHCs / Community Health Centers,federally qualified health center,Nov-50,Harrington Family Health Center | 90 Follower:innen auf LinkedIn. The Harrington Family Health Center is a Federally Qualified Health Center ... 11–50 ...,"site:linkedin.com/company/ ""federally qualified health center"" ""11-50""",1,2026-04-17T07:53:03Z,https://harringtonfamilyhealth.org,title_mismatch,1
health-federation-of-philadelphia,https://www.linkedin.com/company/health-federation-of-philadelphia,Health Federation of Philadelphia,1A_fqhc,FQHCs / Community Health Centers,federally qualified health center,51-200,51-200 人. 总部: Philadelphia，PA. 类型: 非营利机构. 创立: 1983. 领域 ... (Federally Qualified Health Center) status! This designation marks an ...,"site:linkedin.com/company/ ""federally qualified health center"" ""51-200""",10,2026-04-17T07:53:24Z,https://healthfederation.org,ok,1
health-first-community-health-center,https://www.linkedin.com/company/health-first-community-health-center,Health First Community Health Center,1A_fqhc,FQHCs / Community Health Centers,community health center,51-200,Health First Community Health Center | 171 位LinkedIn 關注者。Health First ... 51-200 名員工. 總部: ProvidenceKY. 類型: 非營利組織. 地點. 主要. 215 East Main ...,"site:linkedin.com/company/ ""community health center"" ""51-200""",25,2026-04-17T07:52:13Z,https://www.hf.org,title_mismatch,1
healthy-connections-inc,https://www.linkedin.com/company/healthy-connections-inc,"Healthy Connections, Inc.",1A_fqhc,FQHCs / Community Health Centers,federally qualified health center,201-500,"Healthy Connections, Inc. | 494 followers on LinkedIn. Quality Community Care | Healthy Connections, Inc (HCI) is a Federally Qualified Health Center ... 201-500 ...","site:linkedin.com/company/ ""federally qualified health center"" ""201-500""",18,2026-04-17T07:54:12Z,https://healthy-connections.org,ok,1
heartland-community-health-center-%e2%80%93-lawrence-ks,https://www.linkedin.com/company/heartland-community-health-center-%e2%80%93-lawrence-ks,"Heartland Community Health Center – Lawrence, KS",1A_fqhc,FQHCs / Community Health Centers,community health center,201-500,"Heartland Community Health Center – Lawrence, KS | LinkedIn'de 605 takipçi Welcoming All Who Need Care ... Heartland Community Health Center ... 201 - 500 çalışan.","site:linkedin.com/company/ ""community health center"" ""201-500""",16,2026-04-17T07:52:43Z,https://heartland-community.com,needs_review,1
henry-county-health-center,https://www.linkedin.com/company/henry-county-health-center,Henry County Health Center,1A_fqhc,FQHCs / Community Health Centers,community health center,201-500,"201–500 Beschäftigte. Hauptsitz: Mount Pleasant, Iowa. Art: Regierungsbehörde ... Knox County Health Department & Knox Community Health Center. Öffentliches ...","site:linkedin.com/company/ ""community health center"" ""201-500""",2,2026-04-17T07:52:26Z,http://henrycountyhealth.org,wrong_entity,1
hills-&-dales-general-hospital,https://www.linkedin.com/company/hills-&-dales-general-hospital,Hills & Dales General Hospital,1A_fqhc,FQHCs / Community Health Centers,FQHC,51-200,51-200 pekerja. Jenis: Kebajikan. Lokasi. Utama. Dapatkan arah. Pekerja di Hills ... Laman yang serupa. Optima FQHC Solutions. Hospital dan Penjagaan Kesihatan.,"site:linkedin.com/company/ ""FQHC"" ""51-200""",15,2026-04-17T07:55:18Z,,none,1
home-wound-care,https://www.linkedin.com/company/home-wound-care,Home Wound Care,1A_fqhc,FQHCs / Community Health Centers,FQHC,Nov-50,11-50 employees. Headquarters: Bognor Regis. Type: Privately Held. Founded: 2022 ... FQHC #HomeWoundCare.,"site:linkedin.com/company/ ""FQHC"" ""11-50""",25,2026-04-17T07:54:58Z,https://homewoundcare.org/password,ok,1
horizon-health-services-inc,https://www.linkedin.com/company/horizon-health-services-inc,"Horizon Health Services, Inc.",1A_fqhc,FQHCs / Community Health Centers,FQHC,51-200,"... (FQHC) that has been successfully providing essential healthcare safety net services in a rural setting ... 51-200 employees. Headquarters: Ivor, Virginia.","site:linkedin.com/company/ ""FQHC"" ""51-200""",5,2026-04-17T07:55:05Z,https://horizon-health.org,needs_review,1
hui-no-ke-ola-pono-inc-,https://www.linkedin.com/company/hui-no-ke-ola-pono-inc-,"Hui No Ke Ola Pono, Inc.",1A_fqhc,FQHCs / Community Health Centers,community health center,Nov-50,"11–50 ansatte. Hovedkontor: Wailuku, Hawaii. Type: Ideell organisasjon ... Lanai Community Health Center. Sykehus og helsetjenester. Lanai City, HI · Ocean ...","site:linkedin.com/company/ ""community health center"" ""11-50""",21,2026-04-17T07:51:27Z,https://www.hnkop.org,ok,1
imperial-beach-community-clinic,https://www.linkedin.com/company/imperial-beach-community-clinic,Imperial Beach Community Clinic,1A_fqhc,FQHCs / Community Health Centers,community health center,51-200,"51-200 employés. Siège social: Imperial Beach, CA. Type: Non lucratif. Fondée ... Pages similaires. San Diego Community Health Center. Hôpitaux et services de ...","site:linkedin.com/company/ ""community health center"" ""51-200""",12,2026-04-17T07:51:55Z,https://imperialbeach.org,parking,1
intercommunity,https://www.linkedin.com/company/intercommunity,InterCommunity,1A_fqhc,FQHCs / Community Health Centers,community health center,201-500,"201 - 500 medewerkers. Hoofdkantoor: East Hartford, Connecticut. Type ... Community Health Center. Ziekenhuizen en gezondheidszorg.","site:linkedin.com/company/ ""community health center"" ""201-500""",17,2026-04-17T07:52:44Z,https://intercommunity.org,parking,1
international-community-health-services,https://www.linkedin.com/company/international-community-health-services,International Community Health Services,1A_fqhc,FQHCs / Community Health Centers,community health center,201-500,... community health center that offers affordable health care services ... 201-500 人. 总部: Seattle，WA. 类型: 非营利机构. 创立: 1973. 领域 ...,"site:linkedin.com/company/ ""community health center"" ""201-500""",3,2026-04-17T07:52:27Z,http://international-community.org,thin_or_dead,1
jefferson-comprehensive-health,https://www.linkedin.com/company/jefferson-comprehensive-health,Jefferson Comprehensive Health,1A_fqhc,FQHCs / Community Health Centers,community health center,Nov-50,"11 - 50 çalışan. Genel Merkez: Fayette, Mississippi. Konum. 225 Community Dr. Fayette, Mississippi 39069-0000, US. Yol tarifi al. Jefferson Comprehensive Health ...","site:linkedin.com/company/ ""community health center"" ""11-50""",14,2026-04-17T07:51:18Z,https://www.jch.org,wrong_entity,1
addabbo-family-health-center,https://www.linkedin.com/company/addabbo-family-health-center,Joseph P. Addabbo Family Health Center,1A_fqhc,FQHCs / Community Health Centers,federally qualified health center,201-500,... Federally Qualified Health Center (FQHC). We ... Federally Qualified Health Center (FQHC). We ... 201-500 人. 总部: Arverne，New York. 类型: 非营利机构.,"site:linkedin.com/company/ ""federally qualified health center"" ""201-500""",3,2026-04-17T07:53:53Z,https://www.buydomains.com/lander/josephp.com?domain=josephp.com&utm_source=josephp.com&utm_medium=click&utm_campaign=tdfs-AprTest&traffic_id=AprTest&traffic_type=tdfs&redirect=ono-redirect,wrong_entity,1
kheirclinic,https://www.linkedin.com/company/kheirclinic,Kheir Clinic,1A_fqhc,FQHCs / Community Health Centers,FQHC,51-200,"... (FQHC) that provides comprehensive services for underserved populations in ... 51-200 employees. Headquarters: Los Angeles, CA. Type: Nonprofit. Founded: 1986.","site:linkedin.com/company/ ""FQHC"" ""51-200""",21,2026-04-17T07:55:26Z,,none,1
knox-county-health-department,https://www.linkedin.com/company/knox-county-health-department,Knox County Health Department,1A_fqhc,FQHCs / Community Health Centers,community health center,201-500,"201-500 employés. Siège social: Knoxville, Tennessee. Type: Administration ... Knox County Health Department & Knox Community Health Center. Santé publique.","site:linkedin.com/company/ ""community health center"" ""201-500""",13,2026-04-17T07:52:38Z,https://knoxcountyhealthdepartment.com,ok,1
knox-county-public-health-department,https://www.linkedin.com/company/knox-county-public-health-department,Knox County Health Department & Knox Community Health Center,1A_fqhc,FQHCs / Community Health Centers,community health center,51-200,External link for Knox County Health Department & Knox Community Health Center. Industry: Public Health. Company size: 51-200 employees. Headquarters: Galesburg ...,"site:linkedin.com/company/ ""community health center"" ""51-200""",4,2026-04-17T07:51:46Z,https://www.knoxcountyhealth.org,ok,1
lyric,https://www.linkedin.com/company/lyric,LYRIC: Center for LGBTQQ+ Youth,1A_fqhc,FQHCs / Community Health Centers,community health center,Nov-50,"11–50 Beschäftigte. Hauptsitz: San Francisco, CA. Art: Nonprofit. Gegründet: 1988 ... San Francisco Community Health Center. Krankenhäuser und ...","site:linkedin.com/company/ ""community health center"" ""11-50""",2,2026-04-17T07:51:03Z,https://lyriccenter.com,needs_review,1
la-esperanza-clinic-inc.-dba-esperanza-health-and-dental-centers,https://www.linkedin.com/company/la-esperanza-clinic-inc.-dba-esperanza-health-and-dental-centers,"La Esperanza Clinic, Inc. dba Esperanza Health and Dental Centers",1A_fqhc,FQHCs / Community Health Centers,federally qualified health center,51-200,"La Esperanza Clinic, Inc. is a non-profit Federally Qualified Health Center serving the Concho Valley area of Texas. ... 51–200 ansatte. Hovedkontor: San ...","site:linkedin.com/company/ ""federally qualified health center"" ""51-200""",27,2026-04-17T07:53:47Z,https://www.esperanzahealth.org,title_mismatch,1
lanai-community-health-center,https://www.linkedin.com/company/lanai-community-health-center,Lanai Community Health Center,1A_fqhc,FQHCs / Community Health Centers,community health center,Nov-50,"Lanai Community Health Center için harici link. Sektör: Hastaneler ve Sağlık. Şirket büyüklüğü: 11 - 50 çalışan. Genel Merkez: Lanai City, HI. Türü: Kâr Amacı ...","site:linkedin.com/company/ ""community health center"" ""11-50""",2,2026-04-17T07:51:03Z,https://lanaihealth.org,needs_review,1
lancaster-county-conservancy,https://www.linkedin.com/company/lancaster-county-conservancy,Lancaster Conservancy,1A_fqhc,FQHCs / Community Health Centers,FQHC,Nov-50,"11-50 employees. Headquarters: Lancaster, Pennsylvania. Type: Nonprofit. Founded ... Former Community Health Center (FQHC)… See all employees. Updates. View ...","site:linkedin.com/company/ ""FQHC"" ""11-50""",25,2026-04-17T07:54:58Z,https://www.lancasterconservancy.org,ok,1
lee-county-cooperative-clinic,https://www.linkedin.com/company/lee-county-cooperative-clinic,Lee County Cooperative Clinic dba Olly Neal Community Health ...,1A_fqhc,FQHCs / Community Health Centers,community health center,Nov-50,"Lee County Cooperative Clinic dba Olly Neal Community Health Center | 190 abonnés sur LinkedIn ... 11-50 employés. Siège social: Marianna, Arkansas. Type: Non ...","site:linkedin.com/company/ ""community health center"" ""11-50""",1,2026-04-17T07:51:02Z,https://lee-county.net,title_mismatch,1
lifespanhealthcommunityhealthcenter,https://www.linkedin.com/company/lifespanhealthcommunityhealthcenter,Lifespan Health,1A_fqhc,FQHCs / Community Health Centers,community health center,51-200,"Over ons. Lifespan Health is a non-profit community health center serving Hardin, McNairy, and Wayne counties in West Tennessee. ... 51 - 200 medewerkers.","site:linkedin.com/company/ ""community health center"" ""51-200""",16,2026-04-17T07:52:00Z,https://www.brownhealth.org,title_mismatch,1
little-rivers-health-care,https://www.linkedin.com/company/little-rivers-health-care,Little Rivers Health Care,1A_fqhc,FQHCs / Community Health Centers,federally qualified health center,51-200,"... (federally qualified health center) reimbursement from Medicare and Medicaid ... 51-200 employees. Headquarters: Bradford, VT. Type: Nonprofit. Founded: 2006 ...","site:linkedin.com/company/ ""federally qualified health center"" ""51-200""",17,2026-04-17T07:53:32Z,https://www.littlerivers.org,title_mismatch,1
louisiana-primary-care-association,https://www.linkedin.com/company/louisiana-primary-care-association,Louisiana Primary Care Association,1A_fqhc,FQHCs / Community Health Centers,community health center,Nov-50,"LPCA represents 41 federally funded Community Health Center organizations across Louisiana. ... 11-50 employees. Headquarters: Baton Rouge, Louisiana. Type ...","site:linkedin.com/company/ ""community health center"" ""11-50""",3,2026-04-17T07:51:04Z,https://www.louisianaprimarycare.com,ok,1
lowell-community-health-center,https://www.linkedin.com/company/lowell-community-health-center,Lowell Community Health Center,1A_fqhc,FQHCs / Community Health Centers,community health center,201-500,"Lowell Community Health Center | 3.996 Follower:innen auf LinkedIn ... 201–500 Beschäftigte. Hauptsitz: Lowell, MA. Art: Nonprofit. Gegründet ...","site:linkedin.com/company/ ""community health center"" ""201-500""",14,2026-04-17T07:52:40Z,https://lowellcommunity.org,parking,1
medical-consulting-solutions,https://www.linkedin.com/company/medical-consulting-solutions,MCS Holding Company LLC.,1A_fqhc,FQHCs / Community Health Centers,FQHC,Nov-50,"11-50 employees. Headquarters: Virginia Beach, Virginia. Type: Privately Held ... Why this matters for FQHCs Most FQHC populations are managing chronic ...","site:linkedin.com/company/ ""FQHC"" ""11-50""",11,2026-04-17T07:54:39Z,https://mcs-holding.com,needs_review,1
midtown-community-health-center-inc,https://www.linkedin.com/company/midtown-community-health-center-inc,MIDTOWN COMMUNITY HEALTH CENTER INC,1A_fqhc,FQHCs / Community Health Centers,community health center,51-200,"MIDTOWN COMMUNITY HEALTH CENTER INC | 170 followers on LinkedIn. Quality ... 51-200 employees. Headquarters: Ogden, Utah. Type: Nonprofit. Founded: 1994 ...","site:linkedin.com/company/ ""community health center"" ""51-200""",11,2026-04-17T07:51:54Z,https://midtowncommunity.org,title_mismatch,1
malekattorneys,https://www.linkedin.com/company/malekattorneys,Malek + Malek,1A_fqhc,FQHCs / Community Health Centers,FQHC,Nov-50,"11-50 employees. Headquarters: Coeur d'Alene, Idaho. Type ... When a federally-qualified healthcare center (FQHC) has a change in scope, it's a big deal.","site:linkedin.com/company/ ""FQHC"" ""11-50""",12,2026-04-17T07:54:40Z,https://malekmalek.com,ok,1
massachusetts-league-of-community-health-centers,https://www.linkedin.com/company/massachusetts-league-of-community-health-centers,Massachusetts League of Community Health Centers,1A_fqhc,FQHCs / Community Health Centers,community health center,Nov-50,"... community health center organizations, which serve more than 1000000 state ... 11-50 funcionários. Sede: Boston , MA. Tipo: Sem fins lucrativos. Fundada em ...","site:linkedin.com/company/ ""community health center"" ""11-50""",25,2026-04-17T07:51:33Z,,none,1
mattapan-community-health-ctr,https://www.linkedin.com/company/mattapan-community-health-ctr,Mattapan Community Health Center,1A_fqhc,FQHCs / Community Health Centers,community health center,51-200,Lien externe pour Mattapan Community Health Center. Secteur: Hôpitaux et services de santé. Taille de l'entreprise: 51-200 employés. Siège social: Mattapan ...,"site:linkedin.com/company/ ""community health center"" ""51-200""",1,2026-04-17T07:51:43Z,,none,1
meditab-software-inc-,https://www.linkedin.com/company/meditab-software-inc-,Meditab Software Inc.,1A_fqhc,FQHCs / Community Health Centers,community health center,201-500,"201-500 employés. Siège social: Sacramento, California. Type: Société civile ... 2 sem. Signaler ce post; Fermer le menu. Managing a Community Health Center is a ...","site:linkedin.com/company/ ""community health center"" ""201-500""",1,2026-04-17T07:52:25Z,,none,1
medplacehq,https://www.linkedin.com/company/medplacehq,Medplace,1A_fqhc,FQHCs / Community Health Centers,FQHC,Nov-50,"11-50 employees. Headquarters: Phoenix, Arizona. Type: Privately Held ... If you're steering an FQHC through value-based contracts, this ...","site:linkedin.com/company/ ""FQHC"" ""11-50""",22,2026-04-17T07:54:54Z,https://medplace.org,parking,1
mercy-community-healthcare,https://www.linkedin.com/company/mercy-community-healthcare,Mercy Community Healthcare,1A_fqhc,FQHCs / Community Health Centers,federally qualified health center,51-200,"... Federally Qualified Health Center in June 2012 ... 51-200 employés. Siège social: Franklin, Tennessee. Type: Non lucratif. Fondée en: 1999.","site:linkedin.com/company/ ""federally qualified health center"" ""51-200""",13,2026-04-17T07:53:27Z,https://mercytn.org,title_mismatch,1
mission-neighborhood-health-center,https://www.linkedin.com/company/mission-neighborhood-health-center,Mission Neighborhood Health Center,1A_fqhc,FQHCs / Community Health Centers,community health center,51-200,51-200 名員工. 總部: San FranciscoCalifornia. 類型: 非營利組織. 創立時間: 1967 ... San Francisco Community Health Center. 醫療保健. San FranciscoCalifornia ...,"site:linkedin.com/company/ ""community health center"" ""51-200""",13,2026-04-17T07:51:56Z,https://www.foretoldoutreach.com,wrong_entity,1
mycare-health-center,https://www.linkedin.com/company/mycare-health-center,MyCare Health Center,1A_fqhc,FQHCs / Community Health Centers,community health center,51-200,51-200 名員工. 總部: Mount ClemensMI. 類型: 非營利組織. 創立時間: 2010 ... Follow the link to tell Congress to protect Community Health Center ...,"site:linkedin.com/company/ ""community health center"" ""51-200""",28,2026-04-17T07:52:20Z,https://www.mycarehealthcenter.org,title_mismatch,1
m%c3%bcller-bbm-schweiz-ag,https://www.linkedin.com/company/m%c3%bcller-bbm-schweiz-ag,Müller-BBM Schweiz AG,1A_fqhc,FQHCs / Community Health Centers,FQHC,Nov-50,"11-50 employés. Siège social: Allschwil, Basel-Landschaft. Lieux. 25 ... Proactive FQHC. Santé publique. Sunnyvale, California · Warkwyn. Ingénierie mécanique ...","site:linkedin.com/company/ ""FQHC"" ""11-50""",25,2026-04-17T07:54:58Z,,none,1
nalhe-socal,https://www.linkedin.com/company/nalhe-socal,NALHE SoCal,1A_fqhc,FQHCs / Community Health Centers,FQHC,201-500,"201-500 employees. Headquarters: Los Angeles , CA. Type: Nonprofit. Founded: 2017 ... A first-generation Mexican American, FQHC patient turned healthcare ...","site:linkedin.com/company/ ""FQHC"" ""201-500""",15,2026-04-17T07:55:56Z,,none,1
newark-community-health-centers-inc.,https://www.linkedin.com/company/newark-community-health-centers-inc.,"NEWARK COMMUNITY HEALTH CENTERS, INC.",1A_fqhc,FQHCs / Community Health Centers,FQHC,201-500,"201–500 Beschäftigte. Hauptsitz: Newark, NJ. Art: Nonprofit. Gegründet: 1986 ... FQHC #MakeADifference. Kein Alt-Text für dieses Bild vorhanden. 17 · Gefällt mir ...","site:linkedin.com/company/ ""FQHC"" ""201-500""",1,2026-04-17T07:55:40Z,https://newarkcommunityhealth.com,parking,1
neighborhood-health,https://www.linkedin.com/company/neighborhood-health,Neighborhood Health,1A_fqhc,FQHCs / Community Health Centers,FQHC,201-500,"201-500 employees. Headquarters: Fort Wayne, Indiana. Type: Nonprofit. Locations ... FQHC Look-Alikes from its proposed Medicaid 340B change. The 340B ...","site:linkedin.com/company/ ""FQHC"" ""201-500""",16,2026-04-17T07:55:57Z,https://neighborhoodhealthtn.org,needs_review,1
northern-counties-health-care-inc-,https://www.linkedin.com/company/northern-counties-health-care-inc-,"Northern Counties Health Care, Inc.",1A_fqhc,FQHCs / Community Health Centers,FQHC,201-500,"201-500 employees. Headquarters: SAINT JOHNSBURY, VT. Type: Nonprofit. Founded ... Director of FQHC Operations | Executive… Click here to view Mckalyn ...","site:linkedin.com/company/ ""FQHC"" ""201-500""",7,2026-04-17T07:55:47Z,https://www.ncinsurance.co.uk,wrong_entity,1
norwalk-community-health-ctr,https://www.linkedin.com/company/norwalk-community-health-ctr,Norwalk Community Health Center,1A_fqhc,FQHCs / Community Health Centers,community health center,51-200,"External link for Norwalk Community Health Center. Industry: Hospitals and Health Care. Company size: 51-200 employees. Headquarters: Norwalk, Connecticut. Type ...","site:linkedin.com/company/ ""community health center"" ""51-200""",8,2026-04-17T07:51:51Z,https://norwalkcommunityhealthcenter.org,thin_or_dead,1
oda-primary-health-care-center,https://www.linkedin.com/company/oda-primary-health-care-center,ODA Primary Health Care Network,1A_fqhc,FQHCs / Community Health Centers,federally qualified health center,201-500,"... federally qualified health center and is also certified under Article 28 of ... 201-500 employees. Headquarters: Brooklyn, NY. Type: Nonprofit. Founded: 1974.","site:linkedin.com/company/ ""federally qualified health center"" ""201-500""",11,2026-04-17T07:54:03Z,,none,1
oak-orchard-health-center,https://www.linkedin.com/company/oak-orchard-health-center,Oak Orchard Health Center,1A_fqhc,FQHCs / Community Health Centers,community health center,201-500,"Oak Orchard Health Center | 637 followers on LinkedIn. We are a community health center that provides primary, pediatric ... 201-500 employees. Headquarters ...","site:linkedin.com/company/ ""community health center"" ""201-500""",5,2026-04-17T07:52:29Z,https://oakorchardhealth.org,ok,1
communityhealthpartners,https://www.linkedin.com/company/communityhealthpartners,One Health formerly Community Health Partners,1A_fqhc,FQHCs / Community Health Centers,FQHC,201-500,"BIGHORN VALLEY HEALTH CENTER, INC., dba One Health, is a Federally Qualified Health Center (FQHC) ... 201-500 employees. Headquarters: Livingston, Montana.","site:linkedin.com/company/ ""FQHC"" ""201-500""",24,2026-04-17T07:56:08Z,https://www.onwardandupward.org/one-health,wrong_entity,1
outpatient-medical-center-inc,https://www.linkedin.com/company/outpatient-medical-center-inc,"Outpatient Medical Center, Inc.",1A_fqhc,FQHCs / Community Health Centers,federally qualified health center,Nov-50,The Outpatient Medical Center (OMC) is a Federally Qualified Health Center (FQHC) that offers healthcare services at an affordable rate following federal ...,"site:linkedin.com/company/ ""federally qualified health center"" ""11-50""",1,2026-04-17T07:53:03Z,https://outpatientmedicalcenter.com,parking,1
prime-wellness-community-health-center,https://www.linkedin.com/company/prime-wellness-community-health-center,PRIME WELLNESS COMMUNITY HEALTH CENTER,1A_fqhc,FQHCs / Community Health Centers,community health center,Nov-50,"External link for PRIME WELLNESS COMMUNITY HEALTH CENTER. Industry: Hospitals and Health Care. Company size: 11-50 employees. Headquarters: LOS ANGELES, CA.","site:linkedin.com/company/ ""community health center"" ""11-50""",1,2026-04-17T07:51:02Z,https://primewellness.com,ok,1
pwnu-sdm,https://www.linkedin.com/company/pwnu-sdm,Pacific Northwest University of Health Sciences School of Dental ...,1A_fqhc,FQHCs / Community Health Centers,FQHC,51-200,"51-200 employees ... Pacific Northwest University of Health Sciences School of Dental Medicine is hiring 3 Clinic Coordinators, one for each FQHC clinic.","site:linkedin.com/company/ ""FQHC"" ""51-200""",24,2026-04-17T07:55:30Z,https://pacific-northwest.com,parking,1
peninsula-community-health-services,https://www.linkedin.com/company/peninsula-community-health-services,Peninsula Community Health Services (of Washington),1A_fqhc,FQHCs / Community Health Centers,community health center,201-500,"... community health center offering medical, dental, behavioral health ... 201–500 anställda. Huvudkontor: Bremerton, WA. Typ: Ideell organisation. Grundat ...","site:linkedin.com/company/ ""community health center"" ""201-500""",2,2026-04-17T07:52:26Z,https://www.hugedomains.com/domain_profile.cfm?d=peninsulacommunityhealth.com,parking,1
pennyroyal-healthcare-services-inc,https://www.linkedin.com/company/pennyroyal-healthcare-services-inc,"Pennyroyal Healthcare Services, Inc",1A_fqhc,FQHCs / Community Health Centers,federally qualified health center,Nov-50,"... Federally Qualified Health Center. What does that mean? It means that we are ... 11-50 employees. Headquarters: Princeton, Kentucky. Type: Nonprofit.","site:linkedin.com/company/ ""federally qualified health center"" ""11-50""",4,2026-04-17T07:53:06Z,https://www.phs.org,wrong_entity,1
philadelphia-fight,https://www.linkedin.com/company/philadelphia-fight,Philadelphia FIGHT,1A_fqhc,FQHCs / Community Health Centers,federally qualified health center,201-500,"... Federally Qualified Health Center providing high-quality medical ... 201–500 Beschäftigte. Hauptsitz: Philadelphia, PA. Art: Nonprofit.","site:linkedin.com/company/ ""federally qualified health center"" ""201-500""",3,2026-04-17T07:53:53Z,https://www.hugedomains.com/domain_profile.cfm?d=philadelphiafight.com,parking,1
pillarhealthcareclinics,https://www.linkedin.com/company/pillarhealthcareclinics,"Pillar Health, a Division of Kenosha Community Health Center",1A_fqhc,FQHCs / Community Health Centers,community health center,51-200,"... Community Health Center, a Federally Qualified Health Center, belongs ... 51-200 employees. Headquarters: Kenosha, Wisconsin. Type: Nonprofit. Founded: 1995 ...","site:linkedin.com/company/ ""community health center"" ""51-200""",12,2026-04-17T07:51:55Z,https://www.pillar-engineering.com,wrong_entity,1
porter-starke-services-inc-,https://www.linkedin.com/company/porter-starke-services-inc-,"Porter-Starke Services, Inc.",1A_fqhc,FQHCs / Community Health Centers,community health center,201-500,"201-500 medarbejdere. Hovedkvarter: Valparaiso, IN. Type: Nonprofit. Grundlagt ... HealthLinc Community Health Center. Hospitaler og sundhedspleje. Valparaiso ...","site:linkedin.com/company/ ""community health center"" ""201-500""",25,2026-04-17T07:52:55Z,,none,1
preventative-care-health-services-inc,https://www.linkedin.com/company/preventative-care-health-services-inc,"Preventative Care Health Services, Inc.",1A_fqhc,FQHCs / Community Health Centers,community health center,Nov-50,"... community health center. Website: http://www.pchsmedclinic.org. Externer Link zu Preventative Care Health Services, Inc. Branche: Arztpraxen. Größe: 11–50 ...","site:linkedin.com/company/ ""community health center"" ""11-50""",5,2026-04-17T07:51:07Z,https://www.hugedomains.com/domain_profile.cfm?d=preventativecarehealth.com,parking,1
primary-care-&-hope-clinic,https://www.linkedin.com/company/primary-care-&-hope-clinic,Primary Care & Hope Clinic,1A_fqhc,FQHCs / Community Health Centers,community health center,51-200,"... community health center (FQHC) providing quality, affordable primary health ... 직원 51-200명. 본사: TN Murfreesboro. 유형: 비영리. 설립: 1992. 전문 분야 ...","site:linkedin.com/company/ ""community health center"" ""51-200""",5,2026-04-17T07:51:47Z,https://primary-care.org,parking,1
primaryone-health,https://www.linkedin.com/company/primaryone-health,PrimaryOne Health,1A_fqhc,FQHCs / Community Health Centers,community health center,201-500,"201-500 employés. Siège social: Columbus, Ohio. Type: Non lucratif. Fondée en ... community health center et healthcare. Lieux. Principal. 1180 E Main St. 43205 ...","site:linkedin.com/company/ ""community health center"" ""201-500""",1,2026-04-17T07:52:25Z,https://www.primaryonehealth.org,ok,1
project-h-o-p-e-inc-,https://www.linkedin.com/company/project-h-o-p-e-inc-,"Project H.O.P.E., Inc.",1A_fqhc,FQHCs / Community Health Centers,community health center,51-200,"51-200 employés. Siège social: Camden, New Jersey. Type: Non lucratif. Fondée en: 1993. Domaines: Primary Care Services, Public Health, Behavioral Health, ...","site:linkedin.com/company/ ""community health center"" ""51-200""",15,2026-04-17T07:51:59Z,https://project-h-o-p-e.com,parking,1
reach-program-at-mount-sinai,https://www.linkedin.com/company/reach-program-at-mount-sinai,REACH Program at Mount Sinai,1A_fqhc,FQHCs / Community Health Centers,community health center,Nov-50,"11-50 employees. Headquarters: New York, NY. Type: Nonprofit. Locations. Primary ... Callen-Lorde Community Health Center. Hospitals and Health Care. New York ...","site:linkedin.com/company/ ""community health center"" ""11-50""",25,2026-04-17T07:51:33Z,https://reach-program.com,ok,1
ravenswoodfhn,https://www.linkedin.com/company/ravenswoodfhn,Ravenswood Family Health Network,1A_fqhc,FQHCs / Community Health Centers,federally qualified health center,201-500,"... Federally Qualified Health Center (FQHC) and provides services to under ... 201-500 employees. Headquarters: East Palo Alto, Ca. Type: Nonprofit. Founded ...","site:linkedin.com/company/ ""federally qualified health center"" ""201-500""",3,2026-04-17T07:53:53Z,https://ravenswoodfamily.net,ok,1
reliant-global-healthcare,https://www.linkedin.com/company/reliant-global-healthcare,Reliant Medical Billing Services Pvt Ltd,1A_fqhc,FQHCs / Community Health Centers,federally qualified health center,Nov-50,"11-50 employees. Headquarters: Bangalore, Karnataka. Type: Self-Owned. Founded ... Federally Qualified Health Center, Inpatient Psychiatric Facility ...","site:linkedin.com/company/ ""federally qualified health center"" ""11-50""",3,2026-04-17T07:53:05Z,https://reliantmedical.org,wrong_entity,1
remetrichealth,https://www.linkedin.com/company/remetrichealth,RemetricHealth,1A_fqhc,FQHCs / Community Health Centers,FQHC,Nov-50,"11-50 employees. Headquarters: Philadelphia, PA. Type: Privately Held. Founded: 2011. Specialties: Hospital Remote Patient Monitoring, HHA Remote Patient ...","site:linkedin.com/company/ ""FQHC"" ""11-50""",14,2026-04-17T07:54:42Z,https://remetrichealth.org,parking,1
rexdale-community-health-centre,https://www.linkedin.com/company/rexdale-community-health-centre,Rexdale Community Health Centre,1A_fqhc,FQHCs / Community Health Centers,community health center,51-200,"... Community Health Center and Pathways to Education Program, based on the ... 직원 51-200명. 본사: Ontario Toronto. 유형: 비영리. 설립: 1992. 전문 분야: Our ...","site:linkedin.com/company/ ""community health center"" ""51-200""",20,2026-04-17T07:52:05Z,,none,1
riggs-community-health-center-inc-,https://www.linkedin.com/company/riggs-community-health-center-inc-,Riggs Community Health Center,1A_fqhc,FQHCs / Community Health Centers,community health center,51-200,"Riggs Community Health Center | 407 followers on LinkedIn. Improving ... 51-200 employees. Headquarters: Lafayette, Indiana. Type: Nonprofit. Founded: 1988.","site:linkedin.com/company/ ""community health center"" ""51-200""",11,2026-04-17T07:51:54Z,,none,1
rcchc,https://www.linkedin.com/company/rcchc,Roanoke Chowan Community Health Center,1A_fqhc,FQHCs / Community Health Centers,community health center,51-200,"... community health center, we make health care affordable and ... 51–200 Beschäftigte. Hauptsitz: Ahoskie, NC. Art: Nonprofit. Gegründet ...","site:linkedin.com/company/ ""community health center"" ""51-200""",14,2026-04-17T07:51:58Z,,none,1
rural-health-services,https://www.linkedin.com/company/rural-health-services,Rural Health Services,1A_fqhc,FQHCs / Community Health Centers,federally qualified health center,51-200,"... Federally Qualified Health Center (FQHC). RHS offers culturally ... 51-200 employees. Headquarters: Aiken, South Carolina. Type: Nonprofit.","site:linkedin.com/company/ ""federally qualified health center"" ""51-200""",19,2026-04-17T07:53:35Z,https://ruralhealthservices.com,parking,1
schc,https://www.linkedin.com/company/schc,SCHC,1A_fqhc,FQHCs / Community Health Centers,community health center,201-500,"201–500 Beschäftigte. Art: Personengesellschaft (OHG, KG, GbR etc.) Gegründet ... Shasta Community Health Center. Arztpraxen. Redding, California · SEASONAL ...","site:linkedin.com/company/ ""community health center"" ""201-500""",25,2026-04-17T07:52:55Z,https://www.schc.org,needs_review,1
sj-health,https://www.linkedin.com/company/sj-health,SJ Health,1A_fqhc,FQHCs / Community Health Centers,federally qualified health center,51-200,"More than a primary care provider in San Joaquin County, San Joaquin Health Centers (SJ Health) is recognized as a Federally Qualified Health Center ... 51-200 ...","site:linkedin.com/company/ ""federally qualified health center"" ""51-200""",12,2026-04-17T07:53:26Z,https://sj-health.com,title_mismatch,1
stride-chc,https://www.linkedin.com/company/stride-chc,STRIDE Community Health Center,1A_fqhc,FQHCs / Community Health Centers,community health center,201-500,"STRIDE Community Health Center | 2676 followers on LinkedIn. STRIDE Community Health Center ... 201-500 employees. Headquarters: Denver, Colorado. Type: Nonprofit.","site:linkedin.com/company/ ""community health center"" ""201-500""",9,2026-04-17T07:52:33Z,,none,1
safe-berks,https://www.linkedin.com/company/safe-berks,Safe Berks,1A_fqhc,FQHCs / Community Health Centers,community health center,Nov-50,"11–50 сотрудников. Штаб-квартира: Reading, Pennsylvania. Тип: Некоммерческая ... BERKS COMMUNITY HEALTH CENTER. Медицинская практика. READING, Pennsylvania ...","site:linkedin.com/company/ ""community health center"" ""11-50""",21,2026-04-17T07:51:27Z,https://safeberks.org,ok,1
samrodgerskc,https://www.linkedin.com/company/samrodgerskc,Sam Rodgers Health,1A_fqhc,FQHCs / Community Health Centers,FQHC,201-500,"201-500 employees. Headquarters: Kansas City, Missouri. Type: Nonprofit. Founded ... FQHC"" ""Cheers to the best neighbors in the business. ✨. No ...","site:linkedin.com/company/ ""FQHC"" ""201-500""",19,2026-04-17T07:56:01Z,https://samrodgers.org,ok,1
san-francisco-community-clinic-consortium,https://www.linkedin.com/company/san-francisco-community-clinic-consortium,San Francisco Community Clinic Consortium (SFCCC),1A_fqhc,FQHCs / Community Health Centers,community health center,Nov-50,"11-50 employees. Headquarters: San Francisco, California. Type: Nonprofit ... Community Health Center movement at #JPMWeek26 We thank Sonja W. Bachus, MJ ...","site:linkedin.com/company/ ""community health center"" ""11-50""",25,2026-04-17T07:51:33Z,https://san-francisco.org,parking,1
security-title-inc,https://www.linkedin.com/company/security-title-inc,"Security Title, Inc.",1A_fqhc,FQHCs / Community Health Centers,community health center,Nov-50,11-50 人. 总部: Tamuning，GU. 类型: 私人持股. 领域: Title Insurance和Escrow ... Community Health Center of Southeast Kansas. 医院和医疗保健. Pittsburg，Kansas ...,"site:linkedin.com/company/ ""community health center"" ""11-50""",6,2026-04-17T07:51:08Z,https://securitytitle.com/home,ok,1
share-ourselves,https://www.linkedin.com/company/share-ourselves,Share Ourselves,1A_fqhc,FQHCs / Community Health Centers,community health center,51-200,"51-200 employees. Headquarters: Newport Beach, CA. Type: Nonprofit. Founded: 1970 ... Families Together of Orange County Community Health Center. Hospitals ...","site:linkedin.com/company/ ""community health center"" ""51-200""",12,2026-04-17T07:51:55Z,https://shareourselves.org,ok,1
siskiyou-corporation,https://www.linkedin.com/company/siskiyou-corporation,Siskiyou Corporation,1A_fqhc,FQHCs / Community Health Centers,community health center,Nov-50,"11–50 anställda. Huvudkontor: Grants Pass, Oregon. Typ: Privatägt ... Liknande sidor. Siskiyou Sungrown. Produktion. Williams, OR · Siskiyou Community Health ...","site:linkedin.com/company/ ""community health center"" ""11-50""",12,2026-04-17T07:51:15Z,https://www.siskiyou.org,ok,1
source-eq,https://www.linkedin.com/company/source-eq,Source EQ,1A_fqhc,FQHCs / Community Health Centers,FQHC,Nov-50,"11-50 employees. Headquarters: Los Angeles, CA. Type: Privately Held. Founded ... FQHC. Locations. Primary. Los Angeles, CA 90210, US. Get directions. 124 City ...","site:linkedin.com/company/ ""FQHC"" ""11-50""",5,2026-04-17T07:54:31Z,https://sourceeq.com,ok,1
southern-indiana-community-health-care-inc.,https://www.linkedin.com/company/southern-indiana-community-health-care-inc.,Southern Indiana Community Health Care Inc.,1A_fqhc,FQHCs / Community Health Centers,federally qualified health center,51-200,"Southern Indiana Community Health Care (SICHC) is a non-profit FQHC ( federally qualified health center) ... 51-200 employés. Siège social: Paoli, IN. Type: Non ...","site:linkedin.com/company/ ""federally qualified health center"" ""51-200""",15,2026-04-17T07:53:30Z,https://www.southernindiana.org,ok,1
stoltenberg-consulting,https://www.linkedin.com/company/stoltenberg-consulting,Stoltenberg Consulting,1A_fqhc,FQHCs / Community Health Centers,FQHC,51-200,"51-200 employés. Siège social: Valencia, CA. Type: Société civile/Société ... See how https://ow.ly/Pawy50VK9go a California FQHC successfully transition ...","site:linkedin.com/company/ ""FQHC"" ""51-200""",1,2026-04-17T07:55:01Z,,none,1
tccfamilyhealth,https://www.linkedin.com/company/tccfamilyhealth,TCC Family Health,1A_fqhc,FQHCs / Community Health Centers,federally qualified health center,201-500,"201-500 employees. Headquarters: Long Beach, California. Type: Nonprofit. Founded: 1939. Specialties: Federally Qualified Health Center, Chronic Disease ...","site:linkedin.com/company/ ""federally qualified health center"" ""201-500""",2,2026-04-17T07:53:52Z,https://thechildrensclinic.org,ok,1
the-crossroads-group-inc.,https://www.linkedin.com/company/the-crossroads-group-inc.,"The Crossroads Group, Inc.",1A_fqhc,FQHCs / Community Health Centers,community health center,Nov-50,"While specializing in community health center, rural health clinics, health ... 11-50 employés. Siège social: Keller , TX. Type: Société civile/Société ...","site:linkedin.com/company/ ""community health center"" ""11-50""",2,2026-04-17T07:51:03Z,https://www.crossroads-group.com,title_mismatch,1
the-health-center,https://www.linkedin.com/company/the-health-center,The Health Center,1A_fqhc,FQHCs / Community Health Centers,federally qualified health center,51-200,A Federally Qualified Health Center (FQHC) which provides comprehensive ... 51-200 employees. Type: Nonprofit. Locations. Primary. Get directions. Employees ...,"site:linkedin.com/company/ ""federally qualified health center"" ""51-200""",22,2026-04-17T07:53:40Z,https://health-center.org,parking,1
themedicators,https://www.linkedin.com/company/themedicators,The Medicator's LLC,1A_fqhc,FQHCs / Community Health Centers,FQHC,51-200,"51-200 employees. Headquarters: Naperville, Illinois. Type: Privately Held ... Optimizing FQHC Psychiatry Operations: Grant Utilization and G0469 ...","site:linkedin.com/company/ ""FQHC"" ""51-200""",4,2026-04-17T07:55:04Z,https://medicators.org,wrong_entity,1
tbchs,https://www.linkedin.com/company/tbchs,"Thunder Bay Community Health Service, Inc.",1A_fqhc,FQHCs / Community Health Centers,community health center,201-500,"... Community Health Center. Today this designation is referred to as a ... 201-500 employees. Headquarters: Alpena, Michigan. Type: Nonprofit. Founded: 1980 ...","site:linkedin.com/company/ ""community health center"" ""201-500""",4,2026-04-17T07:52:28Z,http://thunder-bay.net,thin_or_dead,1
townhall-ii,https://www.linkedin.com/company/townhall-ii,Townhall II,1A_fqhc,FQHCs / Community Health Centers,community health center,51-200,"51 - 200 medewerkers. Hoofdkantoor: Kent, Ohio. Type: Non-profit. Opgericht ... The Community Health Center. Geestelijke gezondheidszorg · LORAIN CORRECTIONAL ...","site:linkedin.com/company/ ""community health center"" ""51-200""",5,2026-04-17T07:51:47Z,,none,1
tri-cities-community-health-wa,https://www.linkedin.com/company/tri-cities-community-health-wa,Tri-Cities Community Health,1A_fqhc,FQHCs / Community Health Centers,community health center,201-500,"201-500 employees. Headquarters: Pasco, Washington. Type: Nonprofit. Founded: 1982 ... Community Health Center (CHC) advocates from across the country. We're ...","site:linkedin.com/company/ ""community health center"" ""201-500""",1,2026-04-17T07:52:25Z,,none,1
tri-state-community-healthcare,https://www.linkedin.com/company/tri-state-community-healthcare,Tri-State Community Healthcare Center,1A_fqhc,FQHCs / Community Health Centers,federally qualified health center,51-200,"... Federally Qualified Health Center (FQHC) with clinics located in Needles ... 51-200 employees. Headquarters: Los Angeles, California. Type: Nonprofit.","site:linkedin.com/company/ ""federally qualified health center"" ""51-200""",18,2026-04-17T07:53:34Z,https://tri-statecommunity.com,needs_review,1
triumphealth,https://www.linkedin.com/company/triumphealth,TriumpHealth,1A_fqhc,FQHCs / Community Health Centers,FQHC,Nov-50,"11–50 Beschäftigte. Hauptsitz: Southlake, Texas. Art: Privatunternehmen ... FQHC & Rural Health Clinics, Hospital & Health System RCM, DME RCM Services ...","site:linkedin.com/company/ ""FQHC"" ""11-50""",7,2026-04-17T07:54:34Z,https://triumphealth.com,needs_review,1
uchcazma,https://www.linkedin.com/company/uchcazma,United Community Health Center - Maria Auxiliadora,1A_fqhc,FQHCs / Community Health Centers,community health center,51-200,"United Community Health Center - Maria Auxiliadora | 291 followers on ... 51-200 employees. Headquarters: Green Valley , AZ. Type: Nonprofit. Locations.","site:linkedin.com/company/ ""community health center"" ""51-200""",6,2026-04-17T07:51:48Z,https://www.united-community.com,ok_loc_only,1
uchcla,https://www.linkedin.com/company/uchcla,Universal Community Health Center,1A_fqhc,FQHCs / Community Health Centers,community health center,51-200,"External link for Universal Community Health Center. Industry: Medical Practices. Company size: 51-200 employees. Headquarters: Los Angeles, California. Type ...","site:linkedin.com/company/ ""community health center"" ""51-200""",3,2026-04-17T07:51:45Z,https://universalcommunity.org,wrong_entity,1
valley-healthcare-system-inc.,https://www.linkedin.com/company/valley-healthcare-system-inc.,"Valley Healthcare System, Inc.",1A_fqhc,FQHCs / Community Health Centers,community health center,51-200,... Community Health Center of South Columbus opened its doors August 1994. This ... 직원 51-200명. 본사: GA Columbus. 유형: 비영리. 설립: 1994. 전문 분야: Family ...,"site:linkedin.com/company/ ""community health center"" ""51-200""",10,2026-04-17T07:51:53Z,https://valley-healthcare.com,title_mismatch,1
viacarela,https://www.linkedin.com/company/viacarela,Via Care Community Health Center,1A_fqhc,FQHCs / Community Health Centers,FQHC,201-500,"... (FQHC) in East LA, Bellflower, and South Gate providing care to patients in ... 201-500 employees. Headquarters: Los Angeles, California. Type: Nonprofit.","site:linkedin.com/company/ ""FQHC"" ""201-500""",18,2026-04-17T07:56:00Z,http://via-care.org,thin_or_dead,1
vigilance-health,https://www.linkedin.com/company/vigilance-health,Vigilance Health,1A_fqhc,FQHCs / Community Health Centers,FQHC,51-200,"51-200 employees. Headquarters: Westlake Village, California. Type: Privately ... FQHC #healthcenter #MediCal #Medicaid #Medicare #remotecare #telehealth ...","site:linkedin.com/company/ ""FQHC"" ""51-200""",15,2026-04-17T07:55:18Z,https://www.vigilancehealth.com,needs_review,1
visiontree,https://www.linkedin.com/company/visiontree,Visiontree,1A_fqhc,FQHCs / Community Health Centers,community health center,Nov-50,"11–50 työntekijää. Päätoimipaikka: San Diego, CA. Tyyppi: Privately Held ... Samankaltaisia sivuja. Community Health Center. Non-profit Organizations. Mashpee ...","site:linkedin.com/company/ ""community health center"" ""11-50""",13,2026-04-17T07:51:17Z,https://visiontree.org,parking,1
wabash-valley-health-center-inc,https://www.linkedin.com/company/wabash-valley-health-center-inc,"WABASH VALLEY HEALTH CENTER, INC",1A_fqhc,FQHCs / Community Health Centers,federally qualified health center,Nov-50,"Wabash Valley Health Center, Located at 1436 Locust Street, Terre Haute, IN, is a Federally Qualified Health Center (FQHC) providing primary healthcare services ...","site:linkedin.com/company/ ""federally qualified health center"" ""11-50""",2,2026-04-17T07:53:04Z,https://www.wabashvalleyhealthcenter.org,ok_loc_only,1
wayne-memorial-community-health-centers,https://www.linkedin.com/company/wayne-memorial-community-health-centers,WAYNE MEMORIAL COMMUNITY HEALTH CENTERS,1A_fqhc,FQHCs / Community Health Centers,federally qualified health center,201-500,"... federally qualified health center (FQHC), supported in part through a grant ... 201-500 employees. Headquarters: Honesdale, Pennsylvania. Type: Nonprofit.","site:linkedin.com/company/ ""federally qualified health center"" ""201-500""",8,2026-04-17T07:53:59Z,https://waynememorial.com,parking,1
waterfall-clinic,https://www.linkedin.com/company/waterfall-clinic,Waterfall Clinic,1A_fqhc,FQHCs / Community Health Centers,FQHC,Nov-50,"11-50 pekerja. Ibu pejabat: North Bend, OR. Lokasi. 1890 Waite St # 3. North Bend ... Waterfall Community Health Center, FQHC. Hospital dan Penjagaan ...","site:linkedin.com/company/ ""FQHC"" ""11-50""",26,2026-04-17T07:54:59Z,,none,1
waterfallcommunityhealthcenter,https://www.linkedin.com/company/waterfallcommunityhealthcenter,Waterfall Community Health Center,1A_fqhc,FQHCs / Community Health Centers,FQHC,51-200,"51-200 employees. Headquarters: North Bend, Oregon. Type: Public Company. Founded ... Similar pages. Waterfall Community Health Center, FQHC. Hospitals and ...","site:linkedin.com/company/ ""FQHC"" ""51-200""",9,2026-04-17T07:55:11Z,,none,1
waterfall-community-fqhc,https://www.linkedin.com/company/waterfall-community-fqhc,"Waterfall Community Health Center, FQHC",1A_fqhc,FQHCs / Community Health Centers,community health center,51-200,"51-200 employees. Headquarters: North Bend, Oregon. Type: Nonprofit. Founded: 1998. Specialties: Community Health Center, Integrated Behavioral Health, Family ...","site:linkedin.com/company/ ""community health center"" ""51-200""",2,2026-04-17T07:51:44Z,,none,1
wayne-county-healhty-communities,https://www.linkedin.com/company/wayne-county-healhty-communities,Wayne County Healthy Communities,1A_fqhc,FQHCs / Community Health Centers,federally qualified health center,Nov-50,"Wayne County Healthy Communities (WCHC), a non-profit organization, was awarded Federally Qualified Health Center ... 11–50 Beschäftigte. Hauptsitz ...","site:linkedin.com/company/ ""federally qualified health center"" ""11-50""",2,2026-04-17T07:53:04Z,https://www.waynecountyhealthy.com,title_mismatch,1
williamson-health-wellness-center-inc,https://www.linkedin.com/company/williamson-health-wellness-center-inc,Williamson Health & Wellness Center Inc.,1A_fqhc,FQHCs / Community Health Centers,federally qualified health center,51-200,"... Federally Qualified Health Center (FQHC), plays a vital role in the Williamson, West Virginia community. WHWC offers - on a sliding-fee scale- medical ...","site:linkedin.com/company/ ""federally qualified health center"" ""51-200""",26,2026-04-17T07:53:45Z,https://williamsonhealth.org,needs_review,1
winding-waters-community-health-center,https://www.linkedin.com/company/winding-waters-community-health-center,Winding Waters Community Health Center,1A_fqhc,FQHCs / Community Health Centers,community health center,51-200,"Winding Waters Community Health Center | 91 followers on LinkedIn. Medical ... 51-200 employees. Headquarters: Enterprise, OR. Type: Nonprofit. Founded: 1975.","site:linkedin.com/company/ ""community health center"" ""51-200""",26,2026-04-17T07:52:15Z,https://winding-waters.com,title_mismatch,1
wisconsin-ahec,https://www.linkedin.com/company/wisconsin-ahec,Wisconsin AHEC (Area Health Education Centers),1A_fqhc,FQHCs / Community Health Centers,community health center,Nov-50,11-50 人. 总部: Madison，WI. 类型: 非营利机构. 创立: 1971. 领域: Enhance learning ... PARTNERSHIP COMMUNITY HEALTH CENTER. 医院和医疗保健. APPLETON，Wisconsin ...,"site:linkedin.com/company/ ""community health center"" ""11-50""",5,2026-04-17T07:51:07Z,,none,1
e2o-health,https://www.linkedin.com/company/e2o-health,e2o Health,1A_fqhc,FQHCs / Community Health Centers,FQHC,Nov-50,"11-50 employees. Headquarters: Torrance, CA. Type: Privately Held. Founded: 2009 ... #NACHC #healthcenter #fqhc Compliance Watchdog Thushyanthi Muruges. www ...","site:linkedin.com/company/ ""FQHC"" ""11-50""",5,2026-04-17T07:54:31Z,https://www.compliancewatchdog.com,title_mismatch,1
ipatientcare,https://www.linkedin.com/company/ipatientcare,iPatientCare,1A_fqhc,FQHCs / Community Health Centers,FQHC,201-500,"... FQHC) nationwide in improving the health of their patients, enhancing ... 201-500 employees. Headquarters: Cincinnati, Ohio. Type: Privately Held.","site:linkedin.com/company/ ""FQHC"" ""201-500""",25,2026-04-17T07:56:09Z,https://ipatientcare.com,title_mismatch,1
